,Stock,Quantity,Month,MFundName,%age holdings
0,ADBL,4100,Bhadra 2078,CMF1,0.0024506771340466597
1,CBL,1,Bhadra 2078,CMF1,5.977261302552828e-07
2,EBL,490,Bhadra 2078,CMF1,0.0002928858038250886
3,GBIME,66774,Bhadra 2078,CMF1,0.03991256462166626
4,HBL,23548,Bhadra 2078,CMF1,0.014075254915251401
5,KBL,70256,Bhadra 2078,CMF1,0.04199384700721515
6,LBL,570,Bhadra 2078,CMF1,0.0003407038942455112
7,MBL,1541,Bhadra 2078,CMF1,0.0009210959667233909
8,MEGA,68887,Bhadra 2078,CMF1,0.04117555993489567
9,NABIL,14974,Bhadra 2078,CMF1,0.008950351074442605
10,NBB,1300,Bhadra 2078,CMF1,0.0007770439693318678
11,NBL,7300,Bhadra 2078,CMF1,0.004363400750863565
12,NIBPO,2979,Bhadra 2078,CMF1,0.0017806261420304876
13,NIB,5000,Bhadra 2078,CMF1,0.0029886306512764142
14,NICA,43568,Bhadra 2078,CMF1,0.026041732042962163
15,NMB,57202,Bhadra 2078,CMF1,0.03419113010286269
16,PRVU,66738,Bhadra 2078,CMF1,0.03989104648097707
17,PCBL,65301,Bhadra 2078,CMF1,0.03903211403180023
18,SANIMA,23089,Bhadra 2078,CMF1,0.013800898621464226
19,SBL,50756,Bhadra 2078,CMF1,0.030338187467237137
20,SCB,556,Bhadra 2078,CMF1,0.00033233572842193725
21,GBBL,22037,Bhadra 2078,CMF1,0.013172090732435669
22,JBBL,1860,Bhadra 2078,CMF1,0.0011117706022748261
23,LBBL,22001,Bhadra 2078,CMF1,0.013150572591746477
24,KSBBL,12296,Bhadra 2078,CMF1,0.007349640497618958
25,MNBBL,14635,Bhadra 2078,CMF1,0.008747721916286064
26,MLBL,1,Bhadra 2078,CMF1,5.977261302552828e-07
27,MDB,1030,Bhadra 2078,CMF1,0.0006156579141629413
28,SHINE,1000,Bhadra 2078,CMF1,0.0005977261302552828
29,SADBL,1,Bhadra 2078,CMF1,5.977261302552828e-07
30,CFCL,3,Bhadra 2078,CMF1,1.7931783907658487e-06
31,ICFC,4300,Bhadra 2078,CMF1,0.0025702223600977164
32,SIFC,1126,Bhadra 2078,CMF1,0.0006730396226674485
33,OHL,1,Bhadra 2078,CMF1,5.977261302552828e-07
34,SHPC,700,Bhadra 2078,CMF1,0.000418408291178698
35,ALICL,13964,Bhadra 2078,CMF1,0.00834664768288477
36,LICN,6277,Bhadra 2078,CMF1,0.0037519269196124106
37,NLICL,8361,Bhadra 2078,CMF1,0.00499758817506442
38,NLIC,22613,Bhadra 2078,CMF1,0.01351638098346271
39,PLIC,8996,Bhadra 2078,CMF1,0.005377144267776524
40,ULI,13141,Bhadra 2078,CMF1,0.007854719077684673
41,SLI,12607,Bhadra 2078,CMF1,0.0075355333241283505
42,SLICL,8,Bhadra 2078,CMF1,4.781809042042263e-06
43,AKBSL,3,Bhadra 2078,CMF1,1.7931783907658487e-06
44,CBBL,20593,Bhadra 2078,CMF1,0.01230897420034704
45,DDBL,15182,Bhadra 2078,CMF1,0.009074678109535704
46,NUBL,15825,Bhadra 2078,CMF1,0.009459016011289852
47,RMDC,4205,Bhadra 2078,CMF1,0.0025134383777234643
48,GILB,100,Bhadra 2078,CMF1,5.9772613025528285e-05
49,NMFBS,350,Bhadra 2078,CMF1,0.000209204145589349
50,SABSL,7,Bhadra 2078,CMF1,4.18408291178698e-06
51,SWBBL,16802,Bhadra 2078,CMF1,0.010042994440549263
52,MKLB,898,Bhadra 2078,CMF1,0.000536758064969244
53,JBLB,4463,Bhadra 2078,CMF1,0.0026676517193293275
54,FOWAD,2678,Bhadra 2078,CMF1,0.0016007105768236474
55,SKBBL,9904,Bhadra 2078,CMF1,0.005919879594048321
56,NIL,14026,Bhadra 2078,CMF1,0.008383706702960597
57,NLG,1900,Bhadra 2078,CMF1,0.0011356796474850375
58,PICL,2,Bhadra 2078,CMF1,1.1954522605105657e-06
59,PRIN,1,Bhadra 2078,CMF1,5.977261302552828e-07
60,SICL,19403,Bhadra 2078,CMF1,0.011597680105343254
61,PIC,12019,Bhadra 2078,CMF1,0.0071840703595382445
62,SIC,10882,Bhadra 2078,CMF1,0.006504455749437988
63,SIL,9845,Bhadra 2078,CMF1,0.00588461375236326
64,NBF2,451040,Bhadra 2078,CMF1,0.2695983937903428
65,NIBLSF,250000,Bhadra 2078,CMF1,0.14943153256382072
66,HDL,360,Bhadra 2078,CMF1,0.00021518140689190182
67,CIT,696,Bhadra 2078,CMF1,0.0004160173866576769
68,NTC,4,Bhadra 2078,CMF1,2.3909045210211314e-06
69,SAMAJ,195,Bhadra 2078,CMF1,0.00011655659539978015
70,MLBS,844,Bhadra 2078,CMF1,0.0005044808539354588
71,TPCL,1714,Bhadra 2078,CMF1,0.0010245025872575547
72,MKJVCL,1578,Bhadra 2078,CMF1,0.0009432118335428363
73,BNHC,1600,Bhadra 2078,CMF1,0.0009563618084084526
74,SAHAS,14000,Bhadra 2078,CMF1,0.00836816582357396
75,MEGAMF1,50000,Bhadra 2078,CMF1,0.02988630651276414
76,ADBL,16800,Bhadra 2078,CMF2,0.01438417740485466
77,EBL,200,Bhadra 2078,CMF2,0.0001712402072006507
78,GBIME,43774,Bhadra 2078,CMF2,0.03747934415000642
79,HBL,22270,Bhadra 2078,CMF2,0.019067597071792456
80,KBL,40900,Bhadra 2078,CMF2,0.03501862237253307
81,LBL,600,Bhadra 2078,CMF2,0.0005137206216019522
82,MEGA,34000,Bhadra 2078,CMF2,0.02911083522411062
83,NABIL,46093,Bhadra 2078,CMF2,0.039464874352497965
84,NBB,2200,Bhadra 2078,CMF2,0.0018836422792071579
85,NBL,7599,Bhadra 2078,CMF2,0.0065062716725887235
86,NIB,5000,Bhadra 2078,CMF2,0.004281005180016268
87,NIBPO,607,Bhadra 2078,CMF2,0.0005197140288539749
88,SBI,1000,Bhadra 2078,CMF2,0.0008562010360032536
89,NICA,27430,Bhadra 2078,CMF2,0.023485594417569245
90,NMB,40609,Bhadra 2078,CMF2,0.03476946787105612
91,PRVU,38289,Bhadra 2078,CMF2,0.03278308146752858
92,PCBL,40400,Bhadra 2078,CMF2,0.034590521854531445
93,SANIMA,14368,Bhadra 2078,CMF2,0.012301896485294747
94,SBL,27600,Bhadra 2078,CMF2,0.0236311485936898
95,EDBL,1000,Bhadra 2078,CMF2,0.0008562010360032536
96,GBBL,11100,Bhadra 2078,CMF2,0.009503831499636115
97,JBBL,1659,Bhadra 2078,CMF2,0.0014204375187293976
98,LBBL,7220,Bhadra 2078,CMF2,0.00618177147994349
99,KSBBL,6800,Bhadra 2078,CMF2,0.005822167044822124
100,MDB,1900,Bhadra 2078,CMF2,0.0016267819684061817
101,MNBBL,9000,Bhadra 2078,CMF2,0.007705809324029282
102,SHINE,1500,Bhadra 2078,CMF2,0.0012843015540048804
103,ICFC,7400,Bhadra 2078,CMF2,0.006335887666424077
104,PFL,185,Bhadra 2078,CMF2,0.00015839719166060192
105,SIFC,5600,Bhadra 2078,CMF2,0.00479472580161822
106,SHPC,604,Bhadra 2078,CMF2,0.0005171454257459652
107,ALICL,11511,Bhadra 2078,CMF2,0.009855730125433452
108,LICN,4935,Bhadra 2078,CMF2,0.004225352112676056
109,NLICL,4252,Bhadra 2078,CMF2,0.003640566805085834
110,NLIC,16020,Bhadra 2078,CMF2,0.013716340596772122
111,PLIC,5285,Bhadra 2078,CMF2,0.004525022475277195
112,SLI,8321,Bhadra 2078,CMF2,0.007124448820583073
113,SLICL,90,Bhadra 2078,CMF2,7.705809324029283e-05
114,ULI,8464,Bhadra 2078,CMF2,0.007246885568731538
115,CBBL,11435,Bhadra 2078,CMF2,0.009790658846697204
116,DDBL,10766,Bhadra 2078,CMF2,0.009217860353611027
117,FOWAD,1912,Bhadra 2078,CMF2,0.0016370563808382208
118,NUBL,10601,Bhadra 2078,CMF2,0.00907658718267049
119,JBLB,2992,Bhadra 2078,CMF2,0.002561753499721735
120,RMDC,2316,Bhadra 2078,CMF2,0.001982961599383535
121,MKLB,598,Bhadra 2078,CMF2,0.0005120082195299456
122,NMFBS,186,Bhadra 2078,CMF2,0.00015925339269660517
123,SKBBL,13657,Bhadra 2078,CMF2,0.011693137548696433
124,SWBBL,12700,Bhadra 2078,CMF2,0.01087375315724132
125,HGI,4,Bhadra 2078,CMF2,3.4248041440130143e-06
126,LGIL,3,Bhadra 2078,CMF2,2.568603108009761e-06
127,NIL,11382,Bhadra 2078,CMF2,0.009745280191789033
128,NLG,2300,Bhadra 2078,CMF2,0.001969262382807483
129,PIC,13373,Bhadra 2078,CMF2,0.01144997645447151
130,SIC,11450,Bhadra 2078,CMF2,0.009803501862237253
131,SICL,15287,Bhadra 2078,CMF2,0.013088745237381736
132,SIL,10600,Bhadra 2078,CMF2,0.009075730981634488
133,NICSF,100000,Bhadra 2078,CMF2,0.08562010360032536
134,KEF,50000,Bhadra 2078,CMF2,0.04281005180016268
135,NIBSF2,200000,Bhadra 2078,CMF2,0.17124020720065072
136,RMF1,100000,Bhadra 2078,CMF2,0.08562010360032536
137,CIT,300,Bhadra 2078,CMF2,0.0002568603108009761
138,HDL,150,Bhadra 2078,CMF2,0.00012843015540048804
139,SAMAJ,195,Bhadra 2078,CMF2,0.00016695920202063443
140,MLBS,563,Bhadra 2078,CMF2,0.00048204118326983177
141,MEGAMF1,50000,Bhadra 2078,CMF2,0.04281005180016268
142,TPCL,1143,Bhadra 2078,CMF2,0.000978637784151719
143,BNHC,1067,Bhadra 2078,CMF2,0.0009135665054154715
144,SAHAS,9333,Bhadra 2078,CMF2,0.007990924269018365
145,MKJC,1052,Bhadra 2078,CMF2,0.0009007234898754228
146,CCBLPO,121360,Bhadra 2078,GIMES1,0.009561803714196616
147,NIBPO,39738,Bhadra 2078,GIMES1,0.0031309076795875503
148,GBIME,2901,Bhadra 2078,GIMES1,0.00022856618799344414
149,MBL,52653,Bhadra 2078,GIMES1,0.004148464493767257
150,SCB,3960,Bhadra 2078,GIMES1,0.00031200348309342945
151,LBL,16331,Bhadra 2078,GIMES1,0.0012866992127269687
152,NBB,63477,Bhadra 2078,GIMES1,0.005001274014222632
153,CCBL,232269,Bhadra 2078,GIMES1,0.01830018611480499
154,MEGA,3013,Bhadra 2078,GIMES1,0.00023739052892941993
155,CBL,173085,Bhadra 2078,GIMES1,0.013637152240208646
156,CZBIL,26157,Bhadra 2078,GIMES1,0.00206087755234213
157,EBLCP,2752,Bhadra 2078,GIMES1,0.00021682666299826207
158,GBBL,54852,Bhadra 2078,GIMES1,0.004321720973394139
159,MDB,24905,Bhadra 2078,GIMES1,0.0019622340268792577
160,KSBBL,35000,Bhadra 2078,GIMES1,0.0027576065424924317
161,MNBBL,40231,Bhadra 2078,GIMES1,0.003169750537457515
162,MLBL,57976,Bhadra 2078,GIMES1,0.004567857054501178
163,JBBL,59326,Bhadra 2078,GIMES1,0.004674221878283029
164,SADBL,15000,Bhadra 2078,GIMES1,0.0011818313753538994
165,LBBL,50855,Bhadra 2078,GIMES1,0.004006802306241504
166,AKBSL,940,Bhadra 2078,GIMES1,7.406143285551103e-05
167,SKBBL,35676,Bhadra 2078,GIMES1,0.0028108677431417143
168,FOWAD,6271,Bhadra 2078,GIMES1,0.0004940843036562869
169,NLBBL,501,Bhadra 2078,GIMES1,3.947316793682024e-05
170,ACLBSL,1000,Bhadra 2078,GIMES1,7.878875835692663e-05
171,SAMAJ,391,Bhadra 2078,GIMES1,3.080640451755831e-05
172,RMDC,2195,Bhadra 2078,GIMES1,0.00017294132459345395
173,CBBL,57609,Bhadra 2078,GIMES1,0.004538941580184186
174,FMDBL,83257,Bhadra 2078,GIMES1,0.00655971565452264
175,MKLB,1496,Bhadra 2078,GIMES1,0.00011786798250196224
176,JBLB,7505,Bhadra 2078,GIMES1,0.0005913096314687343
177,KLBSL,4476,Bhadra 2078,GIMES1,0.0003526584824056036
178,SFFIL,235,Bhadra 2078,GIMES1,1.8515358213877758e-05
179,MEN,20000,Bhadra 2078,GIMES1,0.0015757751671385326
180,AKPL,32333,Bhadra 2078,GIMES1,0.0025474769239545087
181,HPPL,61050,Bhadra 2078,GIMES1,0.004810053697690371
182,HURJA,55134,Bhadra 2078,GIMES1,0.004343939403250793
183,MHNL,22000,Bhadra 2078,GIMES1,0.0017333526838523858
184,SPDL,14330,Bhadra 2078,GIMES1,0.0011290429072547585
185,API,15992,Bhadra 2078,GIMES1,0.0012599898236439707
186,GLH,92210,Bhadra 2078,GIMES1,0.0072651114080922044
187,AHPC,1659,Bhadra 2078,GIMES1,0.00013071055011414128
188,SHPC,6400,Bhadra 2078,GIMES1,0.0005042480534843305
189,NGPL,241780,Bhadra 2078,GIMES1,0.01904954599553772
190,ULI,21036,Bhadra 2078,GIMES1,0.0016574003207963086
191,SLI,11429,Bhadra 2078,GIMES1,0.0009004767192613145
192,PLIC,28790,Bhadra 2078,GIMES1,0.0022683283530959175
193,LICN,4347,Bhadra 2078,GIMES1,0.0003424947325775601
194,JLI,5619,Bhadra 2078,GIMES1,0.00044271403320757073
195,NLIC,1,Bhadra 2078,GIMES1,7.878875835692662e-08
196,NLICL,62136,Bhadra 2078,GIMES1,0.004895618289265993
197,PLI,41551,Bhadra 2078,GIMES1,0.003273751698488658
198,RBCLPO,9790,Bhadra 2078,GIMES1,0.0007713419443143117
199,IGI,97704,Bhadra 2078,GIMES1,0.007697976846505159
200,NIL,17540,Bhadra 2078,GIMES1,0.001381954821580493
201,PICL,3179,Bhadra 2078,GIMES1,0.00025046946281666977
202,SICL,6908,Bhadra 2078,GIMES1,0.0005442727427296491
203,EIC,1,Bhadra 2078,GIMES1,7.878875835692662e-08
204,LGIL,10000,Bhadra 2078,GIMES1,0.0007878875835692663
205,PRIN,679,Bhadra 2078,GIMES1,5.349756692435318e-05
206,PIC,3586,Bhadra 2078,GIMES1,0.0002825364874679389
207,CGH,10973,Bhadra 2078,GIMES1,0.0008645490454505559
208,CMF1,2698420,Bhadra 2078,GIMES1,0.21260516132549795
209,NEF,460616,Bhadra 2078,GIMES1,0.036291362719334114
210,NICGF,712808,Bhadra 2078,GIMES1,0.05616125726688415
211,NMB50,45600,Bhadra 2078,GIMES1,0.003592767381075854
212,SFMF,2924076,Bhadra 2078,GIMES1,0.2303843173812886
213,SAEF,494034,Bhadra 2078,GIMES1,0.03892432544610589
214,SEF,1732966,Bhadra 2078,GIMES1,0.1365382394147697
215,NIBSF1,91878,Bhadra 2078,GIMES1,0.007238953540317705
216,NBF2,168640,Bhadra 2078,GIMES1,0.013286936209312107
217,PSF,450000,Bhadra 2078,GIMES1,0.03545494126061698
218,SIGS2,39700,Bhadra 2078,GIMES1,0.003127913706769987
219,SLCF,500000,Bhadra 2078,GIMES1,0.039394379178463314
220,NRIC,63047,Bhadra 2078,GIMES1,0.004967394848129153
221,NTC,79193,Bhadra 2078,GIMES1,0.006239518140560091
222,CIT,6253,Bhadra 2078,GIMES1,0.0004926661060058622
223,HIDCL,1,Bhadra 2078,GIMES1,7.878875835692662e-08
224,NIFRA,7659,Bhadra 2078,GIMES1,0.000603443100255701
225,HDL,21465,Bhadra 2078,GIMES1,0.00169120069813143
226,SHIVM,20260,Bhadra 2078,GIMES1,0.0015962602443113335
227,SANIMA,7,Bhadra 2078,KEF,9.564340204674148e-07
228,NICA,21139,Bhadra 2078,KEF,0.0028882941083800974
229,MBL,21850,Bhadra 2078,KEF,0.0029854404781732877
230,SBL,32516,Bhadra 2078,KEF,0.004442772658502637
231,CZBIL,20092,Bhadra 2078,KEF,0.0027452389056044713
232,NBL,34126,Bhadra 2078,KEF,0.004662752483210142
233,PRVU,24992,Bhadra 2078,KEF,0.0034147427199316613
234,NIBPO,46852,Bhadra 2078,KEF,0.006401549532419903
235,NMB,15001,Bhadra 2078,KEF,0.00204963810586167
236,LBL,54922,Bhadra 2078,KEF,0.007504181324587337
237,ADBL,10000,Bhadra 2078,KEF,0.0013663343149534497
238,MNBBL,25000,Bhadra 2078,KEF,0.0034158357873836243
239,LBBL,12000,Bhadra 2078,KEF,0.0016396011779441395
240,NUBL,23407,Bhadra 2078,KEF,0.00319817873101154
241,CBBL,22586,Bhadra 2078,KEF,0.0030860026837538613
242,FOWAD,12652,Bhadra 2078,KEF,0.0017286861752791045
243,LLBS,22773,Bhadra 2078,KEF,0.003111553135443491
244,SWBBL,3815,Bhadra 2078,KEF,0.000521256541154741
245,JBLB,3605,Bhadra 2078,KEF,0.0004925635205407186
246,MKLB,1496,Bhadra 2078,KEF,0.00020440361351703606
247,RMDC,12848,Bhadra 2078,KEF,0.0017554663278521922
248,SABSL,4623,Bhadra 2078,KEF,0.0006316563538029798
249,MLBSL,807,Bhadra 2078,KEF,0.00011026317921674339
250,LICN,8182,Bhadra 2078,KEF,0.0011179347364949125
251,NLICL,24363,Bhadra 2078,KEF,0.0033288002915210896
252,SLICL,5500,Bhadra 2078,KEF,0.0007514838732243974
253,SIC,11900,Bhadra 2078,KEF,0.001625937834794605
254,NIL,13220,Bhadra 2078,KEF,0.0018062939643684606
255,NIBSF1,261600,Bhadra 2078,KEF,0.03574330567918224
256,NICBF,542835,Bhadra 2078,KEF,0.07416940878577559
257,GIMES1,933390,Bhadra 2078,KEF,0.12753227862344005
258,SBCF,1226360,Bhadra 2078,KEF,0.16756177504863126
259,NEF,119822,Bhadra 2078,KEF,0.016371691028635223
260,PSF,500000,Bhadra 2078,KEF,0.06831671574767248
261,NIBSF2,958500,Bhadra 2078,KEF,0.13096314408828816
262,NMBHF1,195740,Bhadra 2078,KEF,0.026744627880898823
263,NMB50,56860,Bhadra 2078,KEF,0.007768976914825315
264,RMF1,1000000,Bhadra 2078,KEF,0.13663343149534496
265,NICSF,1000000,Bhadra 2078,KEF,0.13663343149534496
266,HDL,990,Bhadra 2078,KEF,0.0001352670971803915
267,BNT,310,Bhadra 2078,KEF,4.235636376355694e-05
268,CHDC,3000,Bhadra 2078,KEF,0.0004099002944860349
269,AHPC,29172,Bhadra 2078,KEF,0.003985870463582204
270,ADBL,38811,Bhadra 2078,LEMF,0.013620351179124936
271,ALBSL,2110,Bhadra 2078,LEMF,0.0007404844242084362
272,BOKL,12848,Bhadra 2078,LEMF,0.004508883356507103
273,BPCL,1,Bhadra 2078,LEMF,3.509404854068418e-07
274,CBBL,15212,Bhadra 2078,LEMF,0.005338506664008877
275,CBL,52762,Bhadra 2078,LEMF,0.018516321891035786
276,CCBL,18480,Bhadra 2078,LEMF,0.006485380170318436
277,CHCL,18687,Bhadra 2078,LEMF,0.006558024850797653
278,CIT,877,Bhadra 2078,LEMF,0.0003077748057018003
279,CZBIL,36658,Bhadra 2078,LEMF,0.012864776314044006
280,CMF1,1025435,Bhadra 2078,LEMF,0.3598666566531648
281,EBL,49906,Bhadra 2078,LEMF,0.017514035864713846
282,EDBL,4,Bhadra 2078,LEMF,1.4037619416273671e-06
283,GBIME,56402,Bhadra 2078,LEMF,0.01979374525791669
284,GIC,1959,Bhadra 2078,LEMF,0.000687492410912003
285,GBLBS,11542,Bhadra 2078,LEMF,0.004050555082565768
286,GLICL,38266,Bhadra 2078,LEMF,0.013429088614578208
287,HBL,24136,Bhadra 2078,LEMF,0.008470299555779534
288,HGI,34651,Bhadra 2078,LEMF,0.012160438759832476
289,HDL,7682,Bhadra 2078,LEMF,0.002695924808895359
290,IGI,1,Bhadra 2078,LEMF,3.509404854068418e-07
291,JBLB,4996,Bhadra 2078,LEMF,0.0017532986650925816
292,JLI,7538,Bhadra 2078,LEMF,0.0026453893789967734
293,KBL,9718,Bhadra 2078,LEMF,0.0034104396371836885
294,LGIL,3816,Bhadra 2078,LEMF,0.0013391888923125082
295,MLBSL,695,Bhadra 2078,LEMF,0.00024390363735775505
296,MKLB,983,Bhadra 2078,LEMF,0.00034497449715492547
297,MBL,31876,Bhadra 2078,LEMF,0.011186578912828489
298,MMFDB,1338,Bhadra 2078,LEMF,0.00046955836947435434
299,MNBBL,456,Bhadra 2078,LEMF,0.00016002886134551986
300,NABIL,26152,Bhadra 2078,LEMF,0.009177795574359727
301,NBF2,450000,Bhadra 2078,LEMF,0.1579232184330788
302,NLICL,46641,Bhadra 2078,LEMF,0.016368215179860507
303,NBB,6000,Bhadra 2078,LEMF,0.0021056429124410507
304,NBL,33414,Bhadra 2078,LEMF,0.011726325379384213
305,NCCB,5513,Bhadra 2078,LEMF,0.0019347348960479188
306,NIL,12935,Bhadra 2078,LEMF,0.0045394151787374985
307,NIFRA,238909,Bhadra 2078,LEMF,0.08384284042806317
308,NICL,17710,Bhadra 2078,LEMF,0.006215155996555168
309,NIBPO,57448,Bhadra 2078,LEMF,0.020160829005652248
310,NLIC,9825,Bhadra 2078,LEMF,0.0034479902691222208
311,NRIC,11506,Bhadra 2078,LEMF,0.004037921225091122
312,NICA,16495,Bhadra 2078,LEMF,0.005788763306785855
313,NICLBSL,1266,Bhadra 2078,LEMF,0.0004442906545250617
314,NLBBL,200,Bhadra 2078,LEMF,7.018809708136836e-05
315,NLG,18911,Bhadra 2078,LEMF,0.0066366355195287855
316,NMBMF,1,Bhadra 2078,LEMF,3.509404854068418e-07
317,NMB,39533,Bhadra 2078,LEMF,0.013873730209588677
318,NRN,2000,Bhadra 2078,LEMF,0.0007018809708136836
319,NTC,1000,Bhadra 2078,LEMF,0.0003509404854068418
320,NUBL,12808,Bhadra 2078,LEMF,0.00449484573709083
321,PCBL,44251,Bhadra 2078,LEMF,0.015529467419738156
322,PRVU,29050,Bhadra 2078,LEMF,0.010194821101068754
323,PRIN,2006,Bhadra 2078,LEMF,0.0007039866137261247
324,PLI,1918,Bhadra 2078,LEMF,0.0006731038510103225
325,PIC,10908,Bhadra 2078,LEMF,0.0038280588148178305
326,PICL,19591,Bhadra 2078,LEMF,0.006875275049605438
327,RLI,1182,Bhadra 2078,LEMF,0.000414811653750887
328,RMDC,6446,Bhadra 2078,LEMF,0.002262162368932502
329,SDLBSL,204,Bhadra 2078,LEMF,7.159185902299572e-05
330,SKBBL,5943,Bhadra 2078,LEMF,0.002085639304772861
331,SGI,959,Bhadra 2078,LEMF,0.00033655192550516126
332,SLI,14087,Bhadra 2078,LEMF,0.0049436986179261806
333,SANIMA,12998,Bhadra 2078,LEMF,0.00456152442931813
334,SBI,53721,Bhadra 2078,LEMF,0.01885287381654095
335,SBL,41930,Bhadra 2078,LEMF,0.014714934553108877
336,SCB,20786,Bhadra 2078,LEMF,0.007294648929666614
337,SICL,9414,Bhadra 2078,LEMF,0.0033037537296200085
338,SIL,2817,Bhadra 2078,LEMF,0.0009885993473910733
339,SRBL,30627,Bhadra 2078,LEMF,0.010748254246555344
340,SLICL,11330,Bhadra 2078,LEMF,0.003976155699659517
341,SWBBL,2743,Bhadra 2078,LEMF,0.000962629751470967
342,ULI,10134,Bhadra 2078,LEMF,0.0035564308791129345
343,UMRH,1,Bhadra 2078,LEMF,3.509404854068418e-07
344,USLB,327,Bhadra 2078,LEMF,0.00011475753872803726
345,ADBL,46434,Bhadra 2078,LUK,0.026041909111864003
346,BOKL,54720,Bhadra 2078,LUK,0.03068900518157381
347,BPCL,8349,Bhadra 2078,LUK,0.004682428805938592
348,CBBL,8500,Bhadra 2078,LUK,0.004767115205471078
349,CBL,31333,Bhadra 2078,LUK,0.017572708321532387
350,CCBL,9990,Bhadra 2078,LUK,0.005602762459136008
351,CHCL,13498,Bhadra 2078,LUK,0.007570178946288072
352,CZBIL,37500,Bhadra 2078,LUK,0.021031390612372403
353,EBL,17402,Bhadra 2078,LUK,0.009759686918306788
354,FMDBL,8000,Bhadra 2078,LUK,0.00448669666397278
355,GBBL,16000,Bhadra 2078,LUK,0.00897339332794556
356,GBIME,17536,Bhadra 2078,LUK,0.009834839087428332
357,GBLBS,11300,Bhadra 2078,LUK,0.006337459037861551
358,GLICL,9069,Bhadra 2078,LUK,0.005086231505696142
359,HGI,7897,Bhadra 2078,LUK,0.00442893044442413
360,HDL,800,Bhadra 2078,LUK,0.0004486696663972779
361,JBLB,609,Bhadra 2078,LUK,0.0003415497835449278
362,KSBBL,1500,Bhadra 2078,LUK,0.0008412556244948961
363,KBL,29296,Bhadra 2078,LUK,0.016430283183468317
364,LGIL,9477,Bhadra 2078,LUK,0.005315053035558754
365,MKLB,513,Bhadra 2078,LUK,0.00028770942357725447
366,MBL,5000,Bhadra 2078,LUK,0.002804185414982987
367,MEGA,32559,Bhadra 2078,LUK,0.018260294585286215
368,NABIL,15000,Bhadra 2078,LUK,0.00841255624494896
369,NBF2,152800,Bhadra 2078,LUK,0.08569590628188008
370,NEF,22722,Bhadra 2078,LUK,0.012743340199848687
371,NLICL,21818,Bhadra 2078,LUK,0.012236343476819763
372,NBB,35081,Bhadra 2078,LUK,0.019674725708603635
373,NBL,52000,Bhadra 2078,LUK,0.029163528315823063
374,NCCB,13825,Bhadra 2078,LUK,0.007753572672427959
375,NIFRA,28456,Bhadra 2078,LUK,0.015959180033751175
376,NICL,15033,Bhadra 2078,LUK,0.008431063868687848
377,NIBPO,26122,Bhadra 2078,LUK,0.014650186282037117
378,NLIC,1334,Bhadra 2078,LUK,0.0007481566687174609
379,NRIC,2605,Bhadra 2078,LUK,0.0014609806012061363
380,NICBF,399700,Bhadra 2078,LUK,0.22416658207374
381,NIBLSF,250000,Bhadra 2078,LUK,0.14020927074914935
382,NLG,8712,Bhadra 2078,LUK,0.0048860126670663565
383,NMB50,46500,Bhadra 2078,LUK,0.02607892435934178
384,NMB,40708,Bhadra 2078,LUK,0.022830555974625487
385,NMBHF1,34810,Bhadra 2078,LUK,0.019522738859111554
386,NRN,1650,Bhadra 2078,LUK,0.0009253811869443857
387,NUBL,9490,Bhadra 2078,LUK,0.005322343917637709
388,PCBL,13380,Bhadra 2078,LUK,0.007504000170494473
389,PRVU,15636,Bhadra 2078,LUK,0.008769248629734798
390,PRIN,5882,Bhadra 2078,LUK,0.003298843722185986
391,PIC,9200,Bhadra 2078,LUK,0.005159701163568696
392,PICL,11931,Bhadra 2078,LUK,0.006691347237232403
393,RMDC,8000,Bhadra 2078,LUK,0.00448669666397278
394,SKBBL,300,Bhadra 2078,LUK,0.00016825112489897922
395,SLI,6470,Bhadra 2078,LUK,0.003628615926987985
396,SANIMA,49166,Bhadra 2078,LUK,0.027574116022610708
397,SBL,38472,Bhadra 2078,LUK,0.021576524257045097
398,SCB,15876,Bhadra 2078,LUK,0.00890384952965398
399,SHINE,23000,Bhadra 2078,LUK,0.01289925290892174
400,SICL,7667,Bhadra 2078,LUK,0.004299937915334912
401,SRBL,13421,Bhadra 2078,LUK,0.007526994490897334
402,SLICL,9000,Bhadra 2078,LUK,0.005047533746969377
403,ADBL,2500,Bhadra 2078,NADDF,0.002817101382971411
404,NBL,7640,Bhadra 2078,NADDF,0.008609061826360632
405,SANIMA,4000,Bhadra 2078,NADDF,0.004507362212754258
406,CCBL,6000,Bhadra 2078,NADDF,0.006761043319131386
407,SRBL,2500,Bhadra 2078,NADDF,0.002817101382971411
408,GBIME,1000,Bhadra 2078,NADDF,0.0011268405531885644
409,PCBL,4750,Bhadra 2078,NADDF,0.005352492627645681
410,NABIL,1000,Bhadra 2078,NADDF,0.0011268405531885644
411,KSBBL,2500,Bhadra 2078,NADDF,0.002817101382971411
412,CBBL,2000,Bhadra 2078,NADDF,0.002253681106377129
413,MLBSL,364,Bhadra 2078,NADDF,0.0004101699613606374
414,NUBL,1000,Bhadra 2078,NADDF,0.0011268405531885644
415,JBLB,3000,Bhadra 2078,NADDF,0.003380521659565693
416,MKLB,696,Bhadra 2078,NADDF,0.0007842810250192408
417,ALICL,1250,Bhadra 2078,NADDF,0.0014085506914857055
418,NLICL,5500,Bhadra 2078,NADDF,0.006197623042537104
419,NLIC,1000,Bhadra 2078,NADDF,0.0011268405531885644
420,SLICL,1000,Bhadra 2078,NADDF,0.0011268405531885644
421,ULI,6000,Bhadra 2078,NADDF,0.006761043319131386
422,SLI,5400,Bhadra 2078,NADDF,0.006084938987218248
423,AIL,1000,Bhadra 2078,NADDF,0.0011268405531885644
424,EIC,1151,Bhadra 2078,NADDF,0.0012969934767200376
425,GIC,2000,Bhadra 2078,NADDF,0.002253681106377129
426,HGI,2575,Bhadra 2078,NADDF,0.0029016144244605534
427,IGI,1675,Bhadra 2078,NADDF,0.0018874579265908452
428,LGIL,1600,Bhadra 2078,NADDF,0.001802944885101703
429,NICL,1500,Bhadra 2078,NADDF,0.0016902608297828465
430,NLG,3730,Bhadra 2078,NADDF,0.004203115263393345
431,PRIN,200,Bhadra 2078,NADDF,0.00022536811063771287
432,PIC,1250,Bhadra 2078,NADDF,0.0014085506914857055
433,PICL,2410,Bhadra 2078,NADDF,0.00271568573318444
434,SICL,2566,Bhadra 2078,NADDF,0.0028914728594818563
435,SIL,1680,Bhadra 2078,NADDF,0.0018930921293567882
436,UIC,1500,Bhadra 2078,NADDF,0.0016902608297828465
437,NIL,3500,Bhadra 2078,NADDF,0.003943941936159975
438,PSF,500000,Bhadra 2078,NADDF,0.5634202765942822
439,KEF,300000,Bhadra 2078,NADDF,0.3380521659565693
440,PRVU,35964,Bhadra 2078,NBF2,0.0044219741771167635
441,NBL,70182,Bhadra 2078,NBF2,0.008629267926215345
442,SRBL,47748,Bhadra 2078,NBF2,0.005870882632882083
443,NICA,37578,Bhadra 2078,NBF2,0.004620424469683398
444,MEGA,46907,Bhadra 2078,NBF2,0.005767476997164275
445,MBL,36860,Bhadra 2078,NBF2,0.004532142369272714
446,ADBL,53376,Bhadra 2078,NBF2,0.00656287658986165
447,SANIMA,44832,Bhadra 2078,NBF2,0.005512344186088832
448,GBIME,56746,Bhadra 2078,NBF2,0.006977236866162491
449,NIBPO,82870,Bhadra 2078,NBF2,0.010189328218709437
450,PCBL,40000,Bhadra 2078,NBF2,0.004918222864104953
451,BOKL,58204,Bhadra 2078,NBF2,0.007156506089559117
452,CZBIL,45160,Bhadra 2078,NBF2,0.005552673613574492
453,CCBL,52571,Bhadra 2078,NBF2,0.0064638973547215366
454,NCCB,52943,Bhadra 2078,NBF2,0.006509636827357713
455,HBL,24715,Bhadra 2078,NBF2,0.003038846952158848
456,SBL,15423,Bhadra 2078,NBF2,0.0018963437808272672
457,NMB,24765,Bhadra 2078,NBF2,0.003044994730738979
458,EBL,12486,Bhadra 2078,NBF2,0.001535223267030361
459,NBB,20000,Bhadra 2078,NBF2,0.0024591114320524766
460,GBBL,32212,Bhadra 2078,NBF2,0.003960644872463719
461,SHINE,27049,Bhadra 2078,NBF2,0.003325825256279372
462,KSBBL,14189,Bhadra 2078,NBF2,0.0017446166054696293
463,JBBL,29517,Bhadra 2078,NBF2,0.0036292796069946473
464,MNBBL,19669,Bhadra 2078,NBF2,0.002418413137852008
465,MLBL,7358,Bhadra 2078,NBF2,0.0009047070958521061
466,MFIL,5000,Bhadra 2078,NBF2,0.0006147778580131192
467,CBBL,11383,Bhadra 2078,NBF2,0.001399603271552667
468,RMDC,6585,Bhadra 2078,NBF2,0.0008096624390032779
469,MERO,4858,Bhadra 2078,NBF2,0.0005973181668455465
470,SKBBL,10000,Bhadra 2078,NBF2,0.0012295557160262383
471,AKBSL,765,Bhadra 2078,NBF2,9.406101227600723e-05
472,NICLBSL,5000,Bhadra 2078,NBF2,0.0006147778580131192
473,SDLBSL,12030,Bhadra 2078,NBF2,0.0014791555263795645
474,FMDBL,12785,Bhadra 2078,NBF2,0.0015719869829395456
475,SAMAJ,185,Bhadra 2078,NBF2,2.2746780746485406e-05
476,NADEP,6423,Bhadra 2078,NBF2,0.0007897436364036528
477,LLBS,2060,Bhadra 2078,NBF2,0.00025328847750140507
478,SMFDB,2534,Bhadra 2078,NBF2,0.0003115694184410488
479,CLBSL,2629,Bhadra 2078,NBF2,0.00032325019774329805
480,MLBSL,859,Bhadra 2078,NBF2,0.00010561883600665387
481,ALBSL,7814,Bhadra 2078,NBF2,0.0009607748365029026
482,GBLBS,33000,Bhadra 2078,NBF2,0.004057533862886586
483,JBLB,2094,Bhadra 2078,NBF2,0.00025746896693589426
484,MKLB,707,Bhadra 2078,NBF2,8.692958912305505e-05
485,PLIC,34434,Bhadra 2078,NBF2,0.004233852152564749
486,NLIC,15950,Bhadra 2078,NBF2,0.00196114136706185
487,NLICL,32547,Bhadra 2078,NBF2,0.004001834988950598
488,SLICL,4600,Bhadra 2078,NBF2,0.0005655956293720696
489,ALICL,8492,Bhadra 2078,NBF2,0.0010441387140494814
490,GLICL,53979,Bhadra 2078,NBF2,0.006637018799538031
491,SLI,4127,Bhadra 2078,NBF2,0.0005074376440040285
492,IGI,10803,Bhadra 2078,NBF2,0.0013282890400231452
493,NICL,6690,Bhadra 2078,NBF2,0.0008225727740215534
494,NIL,18987,Bhadra 2078,NBF2,0.0023345574380190183
495,SICL,10131,Bhadra 2078,NBF2,0.001245662895906182
496,NLG,11792,Bhadra 2078,NBF2,0.00144989210033814
497,SIC,5302,Bhadra 2078,NBF2,0.0006519104406371116
498,PICL,16173,Bhadra 2078,NBF2,0.001988560459529235
499,HGI,25635,Bhadra 2078,NBF2,0.0031519660780332617
500,PIC,32239,Bhadra 2078,NBF2,0.003963964672896989
501,PRIN,24264,Bhadra 2078,NBF2,0.0029833939893660643
502,LGIL,39990,Bhadra 2078,NBF2,0.004916993308388927
503,OHL,9044,Bhadra 2078,NBF2,0.00111201018957413
504,CHCL,13883,Bhadra 2078,NBF2,0.0017069922005592266
505,BPCL,15268,Bhadra 2078,NBF2,0.0018772856672288605
506,SHPC,9615,Bhadra 2078,NBF2,0.001182217820959228
507,AHPC,34162,Bhadra 2078,NBF2,0.004200408237088835
508,UPCL,28028,Bhadra 2078,NBF2,0.0034461987608783405
509,HDL,4999,Bhadra 2078,NBF2,0.0006146549024415164
510,BNT,1691,Bhadra 2078,NBF2,0.00020791787158003688
511,NICBF,1381940,Bhadra 2078,NBF2,0.16991722262052997
512,CMF2,513487,Bhadra 2078,NBF2,0.0631360875955165
513,NMB50,1090000,Bhadra 2078,NBF2,0.13402157304685997
514,SFMF,668820,Bhadra 2078,NBF2,0.08223514539926687
515,SEF,615700,Bhadra 2078,NBF2,0.07570374543573549
516,SIGS2,923600,Bhadra 2078,NBF2,0.11356176593218337
517,SAEF,933110,Bhadra 2078,NBF2,0.11473107341812432
518,RMF1,250000,Bhadra 2078,NBF2,0.030738892900655956
519,BBC,2331,Bhadra 2078,NBF2,0.00028660943740571615
520,CIT,9248,Bhadra 2078,NBF2,0.0011370931261810652
521,NIFRA,85000,Bhadra 2078,NBF2,0.010451223586223026
522,NRN,39090,Bhadra 2078,NBF2,0.004806333293946565
523,NTC,19844,Bhadra 2078,NBF2,0.002439930362882467
524,NRIC,11989,Bhadra 2078,NBF2,0.001474114347943857
525,ADBL,56193,Bhadra 2078,NEF,0.01418918765366696
526,BOKL,37434,Bhadra 2078,NEF,0.009452388208982773
527,CZBIL,40000,Bhadra 2078,NEF,0.01010032399314289
528,EBL,33821,Bhadra 2078,NEF,0.008540076444302143
529,GBIME,37410,Bhadra 2078,NEF,0.009446328014586888
530,HBL,21661,Bhadra 2078,NEF,0.005469577950386703
531,KBL,72731,Bhadra 2078,NEF,0.018365166608631887
532,MBL,37719,Bhadra 2078,NEF,0.009524353017433916
533,MEGA,55633,Bhadra 2078,NEF,0.01404778311776296
534,NBB,72081,Bhadra 2078,NEF,0.018201036343743315
535,NBL,70465,Bhadra 2078,NEF,0.017792983254420344
536,NCCB,63550,Bhadra 2078,NEF,0.01604688974410577
537,NIB,16939,Bhadra 2078,NEF,0.004277234702996185
538,NIBPO,70372,Bhadra 2078,NEF,0.017769500001136286
539,SBI,36006,Bhadra 2078,NEF,0.009091806642427572
540,NICA,57572,Bhadra 2078,NEF,0.014537396323330561
541,PRVU,39004,Bhadra 2078,NEF,0.009848825925713633
542,PCBL,38299,Bhadra 2078,NEF,0.009670807715334488
543,SANIMA,30454,Bhadra 2078,NEF,0.007689881672179339
544,SBL,40072,Bhadra 2078,NEF,0.010118504576330548
545,SCB,9495,Bhadra 2078,NEF,0.0023975644078722937
546,SRBL,56498,Bhadra 2078,NEF,0.014266202624114675
547,GBBL,30913,Bhadra 2078,NEF,0.007805782890000654
548,JBBL,27902,Bhadra 2078,NEF,0.0070454810014168225
549,MLBL,10000,Bhadra 2078,NEF,0.0025250809982857226
550,MNBBL,19289,Bhadra 2078,NEF,0.00487062873759333
551,SADBL,22971,Bhadra 2078,NEF,0.0058003635611621335
552,SHINE,24744,Bhadra 2078,NEF,0.006248060422158192
553,MFIL,18439,Bhadra 2078,NEF,0.004655996852739043
554,ALBSL,8515,Bhadra 2078,NEF,0.002150106470040293
555,CBBL,17695,Bhadra 2078,NEF,0.004468130826466586
556,DDBL,9200,Bhadra 2078,NEF,0.0023230745184228646
557,GBLBS,30295,Bhadra 2078,NEF,0.007649732884306596
558,JBLB,2011,Bhadra 2078,NEF,0.0005077937887552588
559,LLBS,7830,Bhadra 2078,NEF,0.0019771384216577207
560,MKLB,789,Bhadra 2078,NEF,0.0001992288907647435
561,NLBBL,880,Bhadra 2078,NEF,0.00022220712784914358
562,NICLBSL,2015,Bhadra 2078,NEF,0.0005088038211545731
563,NUBL,11581,Bhadra 2078,NEF,0.002924296304114695
564,RMDC,10648,Bhadra 2078,NEF,0.0026887062469746373
565,SDLBSL,17259,Bhadra 2078,NEF,0.004358037294941329
566,SAMAJ,206,Bhadra 2078,NEF,5.2016668564685884e-05
567,SKBBL,13627,Bhadra 2078,NEF,0.003440927876363954
568,SLBBL,10000,Bhadra 2078,NEF,0.0025250809982857226
569,AHPC,23750,Bhadra 2078,NEF,0.005997067370928591
570,BPCL,35750,Bhadra 2078,NEF,0.009027164568871458
571,CHCL,18000,Bhadra 2078,NEF,0.004545145796914301
572,SHPC,19281,Bhadra 2078,NEF,0.004868608672794702
573,ALICL,22000,Bhadra 2078,NEF,0.00555517819622859
574,GLICL,23116,Bhadra 2078,NEF,0.005836977235637276
575,LICN,9951,Bhadra 2078,NEF,0.0025127081013941225
576,NLICL,45157,Bhadra 2078,NEF,0.011402508263958838
577,NLIC,11358,Bhadra 2078,NEF,0.0028679869978529234
578,PLIC,48811,Bhadra 2078,NEF,0.01232517286073244
579,SLICL,24000,Bhadra 2078,NEF,0.0060601943958857344
580,ULI,649,Bhadra 2078,NEF,0.0001638777567887434
581,HGI,31117,Bhadra 2078,NEF,0.007857294542365683
582,IGI,22426,Bhadra 2078,NEF,0.005662746646755561
583,LGIL,25666,Bhadra 2078,NEF,0.006480872890200135
584,NIL,23838,Bhadra 2078,NEF,0.006019288083713505
585,NLG,27362,Bhadra 2078,NEF,0.006909126627509394
586,PRIN,16280,Bhadra 2078,NEF,0.004110831865209157
587,PIC,36038,Bhadra 2078,NEF,0.009099886901622087
588,PICL,19004,Bhadra 2078,NEF,0.004798663929142187
589,SICL,34314,Bhadra 2078,NEF,0.008664562937517628
590,SIL,13934,Bhadra 2078,NEF,0.0035184478630113257
591,HDL,4974,Bhadra 2078,NEF,0.0012559752885473183
592,NRIC,12041,Bhadra 2078,NEF,0.0030404500300358385
593,OHL,11924,Bhadra 2078,NEF,0.0030109065823558955
594,CIT,15341,Bhadra 2078,NEF,0.003873726759470127
595,NIFRA,53000,Bhadra 2078,NEF,0.013382929290914329
596,NRN,25968,Bhadra 2078,NEF,0.0065571303363483645
597,BBC,2821,Bhadra 2078,NEF,0.0007123253496164023
598,CMF1,172470,Bhadra 2078,NEF,0.04355007197743386
599,NICGF,200000,Bhadra 2078,NEF,0.05050161996571445
600,NMB50,300000,Bhadra 2078,NEF,0.07575242994857168
601,PSF,205810,Bhadra 2078,NEF,0.05196869202571845
602,RMF1,250000,Bhadra 2078,NEF,0.06312702495714306
603,SAEF,150000,Bhadra 2078,NEF,0.03787621497428584
604,SLCF,190060,Bhadra 2078,NEF,0.04799168945341844
605,SEF,239000,Bhadra 2078,NEF,0.060349435859028765
606,SBCF,154840,Bhadra 2078,NEF,0.03909835417745613
607,SFMF,150000,Bhadra 2078,NEF,0.03787621497428584
608,HBL,33851,Bhadra 2078,NIBLPF,0.0192308457061375
609,BOKL,44864,Bhadra 2078,NIBLPF,0.025487361134387543
610,MBL,26000,Bhadra 2078,NIBLPF,0.014770671128166818
611,SBL,67966,Bhadra 2078,NIBLPF,0.03861167053449946
612,PCBL,86093,Bhadra 2078,NIBLPF,0.04890966882451023
613,CZBIL,47000,Bhadra 2078,NIBLPF,0.026700828577840018
614,SRBL,12530,Bhadra 2078,NIBLPF,0.007118327278305009
615,SANIMA,64000,Bhadra 2078,NIBLPF,0.03635857508471832
616,NICA,23979,Bhadra 2078,NIBLPF,0.013622535499319697
617,NBL,19057,Bhadra 2078,NIBLPF,0.010826333834210578
618,SBI,37953,Bhadra 2078,NIBLPF,0.021561203127973664
619,LBL,23579,Bhadra 2078,NIBLPF,0.013395294405040208
620,CCBL,33840,Bhadra 2078,NIBLPF,0.019224596576044813
621,EBL,25423,Bhadra 2078,NIBLPF,0.014442875849668654
622,KBL,7500,Bhadra 2078,NIBLPF,0.004260770517740428
623,MEGA,14053,Bhadra 2078,NIBLPF,0.007983547744774165
624,PRVU,71352,Bhadra 2078,NIBLPF,0.040535266397575334
625,NABIL,30703,Bhadra 2078,NIBLPF,0.017442458294157914
626,NCCB,10694,Bhadra 2078,NIBLPF,0.006075290655562152
627,SHPC,11000,Bhadra 2078,NIBLPF,0.006249130092685962
628,RHPL,14000,Bhadra 2078,NIBLPF,0.007953438299782133
629,SJCL,10500,Bhadra 2078,NIBLPF,0.005965078724836599
630,API,1,Bhadra 2078,NIBLPF,5.681027356987237e-07
631,NLICL,21932,Bhadra 2078,NIBLPF,0.012459629199344409
632,LICN,16820,Bhadra 2078,NIBLPF,0.009555488014452534
633,NLIC,1923,Bhadra 2078,NIBLPF,0.0010924615607486457
634,PLIC,30110,Bhadra 2078,NIBLPF,0.01710557337188857
635,SLICL,13059,Bhadra 2078,NIBLPF,0.007418853625489634
636,SLI,4500,Bhadra 2078,NIBLPF,0.002556462310644257
637,HGI,5479,Bhadra 2078,NIBLPF,0.0031126348888933075
638,LGIL,2812,Bhadra 2078,NIBLPF,0.0015975048927848112
639,SIL,87,Bhadra 2078,NIBLPF,4.942493800578897e-05
640,NLG,9041,Bhadra 2078,NIBLPF,0.005136216833452161
641,SICL,5089,Bhadra 2078,NIBLPF,0.002891074821970805
642,PIC,15204,Bhadra 2078,NIBLPF,0.008637433993563396
643,SIC,3203,Bhadra 2078,NIBLPF,0.001819633062443012
644,NIL,468,Bhadra 2078,NIBLPF,0.0002658720803070027
645,NICL,21053,Bhadra 2078,NIBLPF,0.011960266894665231
646,UIC,5215,Bhadra 2078,NIBLPF,0.0029626557666688445
647,RMDC,1897,Bhadra 2078,NIBLPF,0.001077690889620479
648,CBBL,23268,Bhadra 2078,NIBLPF,0.013218614454237904
649,SWBBL,4058,Bhadra 2078,NIBLPF,0.002305360901465421
650,DDBL,17362,Bhadra 2078,NIBLPF,0.009863399697201241
651,FOWAD,600,Bhadra 2078,NIBLPF,0.00034086164141923427
652,NLBBL,6886,Bhadra 2078,NIBLPF,0.003911955438021412
653,MSLB,122,Bhadra 2078,NIBLPF,6.93085337552443e-05
654,NSEWA,11,Bhadra 2078,NIBLPF,6.2491300926859615e-06
655,VLBS,1585,Bhadra 2078,NIBLPF,0.0009004428360824771
656,SABSL,4000,Bhadra 2078,NIBLPF,0.002272410942794895
657,AKBSL,800,Bhadra 2078,NIBLPF,0.000454482188558979
658,NICLBSL,1276,Bhadra 2078,NIBLPF,0.0007248990907515715
659,ACLBSL,119,Bhadra 2078,NIBLPF,6.760422554814812e-05
660,SDLBSL,668,Bhadra 2078,NIBLPF,0.0003794926274467475
661,USLB,179,Bhadra 2078,NIBLPF,0.00010169038969007155
662,SAMAJ,156,Bhadra 2078,NIBLPF,8.862402676900091e-05
663,FMDBL,7000,Bhadra 2078,NIBLPF,0.003976719149891067
664,MERO,2654,Bhadra 2078,NIBLPF,0.0015077446605444129
665,NMFBS,485,Bhadra 2078,NIBLPF,0.00027552982681388103
666,MLBSL,1000,Bhadra 2078,NIBLPF,0.0005681027356987237
667,GILB,3925,Bhadra 2078,NIBLPF,0.0022298032376174906
668,GBLBS,7294,Bhadra 2078,NIBLPF,0.004143741354186491
669,LLBS,6907,Bhadra 2078,NIBLPF,0.003923885595471085
670,NMBMF,6500,Bhadra 2078,NIBLPF,0.0036926677820417046
671,JBLB,1597,Bhadra 2078,NIBLPF,0.0009072600689108618
672,MKLB,314,Bhadra 2078,NIBLPF,0.00017838425900939926
673,KEF,150000,Bhadra 2078,NIBLPF,0.08521541035480856
674,SBCF,500000,Bhadra 2078,NIBLPF,0.28405136784936186
675,NIFRA,118420,Bhadra 2078,NIBLPF,0.06727472596144286
676,CIT,6618,Bhadra 2078,NIBLPF,0.003759703904854154
677,HDL,3165,Bhadra 2078,NIBLPF,0.0017980451584864608
678,SHIVM,7002,Bhadra 2078,NIBLPF,0.003977855355362464
679,NRIC,2444,Bhadra 2078,NIBLPF,0.0013884430860476808
680,PRVU,20070,Bhadra 2078,NIBLSF,0.06348453216929209
681,SBL,18956,Bhadra 2078,NIBLSF,0.05996077687100652
682,GBIME,20140,Bhadra 2078,NIBLSF,0.06370595305877143
683,SANIMA,8021,Bhadra 2078,NIBLSF,0.0253716707787689
684,NABIL,5500,Bhadra 2078,NIBLSF,0.017397355601948505
685,PCBL,20258,Bhadra 2078,NIBLSF,0.06407920541532233
686,NICA,25342,Bhadra 2078,NIBLSF,0.08016068830265072
687,NMB,7270,Bhadra 2078,NIBLSF,0.02299614095021193
688,NBB,2805,Bhadra 2078,NIBLSF,0.008872651356993737
689,GBBL,9753,Bhadra 2078,NIBLSF,0.030850256215600683
690,MLBL,6345,Bhadra 2078,NIBLSF,0.020070222053520593
691,KSBBL,7671,Bhadra 2078,NIBLSF,0.024264566331372178
692,SJCL,13584,Bhadra 2078,NIBLSF,0.04296830518124881
693,RHPL,10146,Bhadra 2078,NIBLSF,0.032093376352249
694,PLIC,4143,Bhadra 2078,NIBLSF,0.01310495350161321
695,LICN,6335,Bhadra 2078,NIBLSF,0.020038590497880687
696,SLICL,11536,Bhadra 2078,NIBLSF,0.03649016258619599
697,NLICL,11234,Bhadra 2078,NIBLSF,0.03553488960587082
698,SLI,1928,Bhadra 2078,NIBLSF,0.006098563927373948
699,NIL,10215,Bhadra 2078,NIBLSF,0.03231163408616436
700,PIC,6281,Bhadra 2078,NIBLSF,0.01986778009742519
701,CBBL,3000,Bhadra 2078,NIBLSF,0.00948946669197191
702,DDBL,6973,Bhadra 2078,NIBLSF,0.022056683747706713
703,AKBSL,600,Bhadra 2078,NIBLSF,0.0018978933383943823
704,SAMAJ,120,Bhadra 2078,NIBLSF,0.0003795786676788764
705,FMDBL,472,Bhadra 2078,NIBLSF,0.0014930094262035807
706,MERO,1510,Bhadra 2078,NIBLSF,0.004776364901625862
707,GBLBS,2000,Bhadra 2078,NIBLSF,0.006326311127981274
708,NLBBL,2900,Bhadra 2078,NIBLSF,0.009173151135572847
709,NUBL,16298,Bhadra 2078,NIBLSF,0.051553109381919406
710,JBLB,685,Bhadra 2078,NIBLSF,0.0021667615613335865
711,MKLB,135,Bhadra 2078,NIBLSF,0.000427026001138736
712,NIFRA,41890,Bhadra 2078,NIBLSF,0.1325045865755678
713,SHL,7000,Bhadra 2078,NIBLSF,0.02214208894793446
714,NTC,5024,Bhadra 2078,NIBLSF,0.01589169355348896
715,NBL,19122,Bhadra 2078,NIBSF1,0.012142509706006738
716,MBL,63911,Bhadra 2078,NIBSF1,0.04058361770842991
717,SBL,23678,Bhadra 2078,NIBSF1,0.015035579166343875
718,NICA,10077,Bhadra 2078,NIBSF1,0.006398915924455073
719,GBIME,12613,Bhadra 2078,NIBSF1,0.008009281190349493
720,MEGA,39079,Bhadra 2078,NIBSF1,0.024815246145854897
721,PCBL,71385,Bhadra 2078,NIBSF1,0.04532962322786795
722,ADBL,15461,Bhadra 2078,NIBSF1,0.009817767104098431
723,SANIMA,53300,Bhadra 2078,NIBSF1,0.03384561067514691
724,LBL,7690,Bhadra 2078,NIBSF1,0.0048831659679527155
725,NABIL,57981,Bhadra 2078,NIBSF1,0.03681805539504114
726,SRBL,27195,Bhadra 2078,NIBSF1,0.017268881469242405
727,HBL,4559,Bhadra 2078,NIBSF1,0.0028949744665665057
728,SCB,3808,Bhadra 2078,NIBSF1,0.0024180879071474563
729,KBL,24769,Bhadra 2078,NIBSF1,0.01572836643175823
730,NMB,9411,Bhadra 2078,NIBSF1,0.005976004541534851
731,CCBL,23989,Bhadra 2078,NIBSF1,0.015233064812121935
732,BOKL,47782,Bhadra 2078,NIBSF1,0.03034166921725834
733,PRVU,57775,Bhadra 2078,NIBSF1,0.03668724496729104
734,CHCL,3340,Bhadra 2078,NIBSF1,0.0021209069353656787
735,API,622,Bhadra 2078,NIBSF1,0.0003949712915561234
736,SHPC,14000,Bhadra 2078,NIBSF1,0.00889002907039506
737,RHPL,19000,Bhadra 2078,NIBSF1,0.01206503945267901
738,SJCL,9344,Bhadra 2078,NIBSF1,0.005933459402412246
739,PIC,6827,Bhadra 2078,NIBSF1,0.004335159175970505
740,NLG,1100,Bhadra 2078,NIBSF1,0.000698502284102469
741,LGIL,3102,Bhadra 2078,NIBSF1,0.001969776441168963
742,NLICL,3100,Bhadra 2078,NIBSF1,0.001968506437016049
743,SLICL,4171,Bhadra 2078,NIBSF1,0.002648593660901271
744,PLIC,6900,Bhadra 2078,NIBSF1,0.0043815143275518515
745,LICN,10949,Bhadra 2078,NIBSF1,0.006952637735125394
746,SLI,6000,Bhadra 2078,NIBSF1,0.00381001245874074
747,SWBBL,73,Bhadra 2078,NIBSF1,4.635515158134567e-05
748,RMDC,3903,Bhadra 2078,NIBSF1,0.0024784131044108515
749,NLBBL,2912,Bhadra 2078,NIBSF1,0.0018491260466421725
750,NUBL,2149,Bhadra 2078,NIBSF1,0.0013646194623056418
751,DDBL,14500,Bhadra 2078,NIBSF1,0.009207530108623456
752,SKBBL,1013,Bhadra 2078,NIBSF1,0.0006432571034507283
753,CBBL,1,Bhadra 2078,NIBSF1,6.3500207645679e-07
754,VLBS,2556,Bhadra 2078,NIBSF1,0.0016230653074235553
755,NMBMF,2407,Bhadra 2078,NIBSF1,0.0015284499980314935
756,NMFBS,3949,Bhadra 2078,NIBSF1,0.002507623199927864
757,FOWAD,4500,Bhadra 2078,NIBSF1,0.002857509344055555
758,MSLB,8,Bhadra 2078,NIBSF1,5.08001661165432e-06
759,NADEP,538,Bhadra 2078,NIBSF1,0.000341631117133753
760,AKBSL,600,Bhadra 2078,NIBSF1,0.000381001245874074
761,NICLBSL,1285,Bhadra 2078,NIBSF1,0.0008159776682469752
762,ACLBSL,89,Bhadra 2078,NIBSF1,5.651518480465431e-05
763,USLB,108,Bhadra 2078,NIBSF1,6.858022425733332e-05
764,SAMAJ,117,Bhadra 2078,NIBSF1,7.429524294544443e-05
765,MLBSL,278,Bhadra 2078,NIBSF1,0.00017653057725498762
766,GBLBS,4305,Bhadra 2078,NIBSF1,0.002733683939146481
767,JBLB,2129,Bhadra 2078,NIBSF1,0.001351919420776506
768,MKLB,419,Bhadra 2078,NIBSF1,0.00026606587003539503
769,NIFRA,36937,Bhadra 2078,NIBSF1,0.023455071698084452
770,CIT,2212,Bhadra 2078,NIBSF1,0.0014046245931224196
771,SBCF,824120,Bhadra 2078,NIBSF1,0.5233179112495698
772,HDL,1650,Bhadra 2078,NIBSF1,0.0010477534261537035
773,NABIL,32528,Bhadra 2078,NIBSF2,0.014454132967536412
774,NICA,46433,Bhadra 2078,NIBSF2,0.02063295487215993
775,SANIMA,17500,Bhadra 2078,NIBSF2,0.007776295097512519
776,NCCB,15000,Bhadra 2078,NIBSF2,0.0066653957978678735
777,NBB,10895,Bhadra 2078,NIBSF2,0.004841299147851365
778,PRVU,26839,Bhadra 2078,NIBSF2,0.011926170521265057
779,PCBL,28446,Bhadra 2078,NIBSF2,0.012640256591076635
780,NBL,17300,Bhadra 2078,NIBSF2,0.007687423153540947
781,SCB,13068,Bhadra 2078,NIBSF2,0.005806892819102491
782,MBL,16400,Bhadra 2078,NIBSF2,0.007287499405668875
783,GBIME,6000,Bhadra 2078,NIBSF2,0.0026661583191471493
784,CCBL,30000,Bhadra 2078,NIBSF2,0.013330791595735747
785,MLBL,13000,Bhadra 2078,NIBSF2,0.005776676358152157
786,KSBBL,16373,Bhadra 2078,NIBSF2,0.007275501693232713
787,GBBL,15138,Bhadra 2078,NIBSF2,0.0067267174392082575
788,MNBBL,14000,Bhadra 2078,NIBSF2,0.006221036078010015
789,SJCL,20275,Bhadra 2078,NIBSF2,0.009009393320118075
790,RHPL,19150,Bhadra 2078,NIBSF2,0.008509488635277986
791,SHPC,5065,Bhadra 2078,NIBSF2,0.002250681981080052
792,SLICL,23171,Bhadra 2078,NIBSF2,0.010296259068826433
793,PLIC,15957,Bhadra 2078,NIBSF2,0.0070906480497718435
794,NLIC,11349,Bhadra 2078,NIBSF2,0.0050430384606668325
795,NLICL,22540,Bhadra 2078,NIBSF2,0.010015868085596125
796,LICN,12789,Bhadra 2078,NIBSF2,0.005682916457262149
797,SLI,9000,Bhadra 2078,NIBSF2,0.003999237478720724
798,PIC,22539,Bhadra 2078,NIBSF2,0.010015423725876266
799,SICL,25682,Bhadra 2078,NIBSF2,0.011412046325389514
800,PICL,8880,Bhadra 2078,NIBSF2,0.003945914312337781
801,NIL,22526,Bhadra 2078,NIBSF2,0.010009647049518114
802,PRIN,16755,Bhadra 2078,NIBSF2,0.007445247106218415
803,NMBMF,8511,Bhadra 2078,NIBSF2,0.0037819455757102313
804,FOWAD,7132,Bhadra 2078,NIBSF2,0.0031691735220262447
805,DDBL,11804,Bhadra 2078,NIBSF2,0.005245222133202158
806,SABSL,11763,Bhadra 2078,NIBSF2,0.005227003384687986
807,GILB,13662,Bhadra 2078,NIBSF2,0.0060708424926980585
808,MERO,14998,Bhadra 2078,NIBSF2,0.006664507078428157
809,NUBL,76723,Bhadra 2078,NIBSF2,0.03409261078665445
810,JBLB,3194,Bhadra 2078,NIBSF2,0.001419284945225999
811,MKLB,629,Bhadra 2078,NIBSF2,0.0002795022637905928
812,VLBS,6843,Bhadra 2078,NIBSF2,0.0030407535629873236
813,SWBBL,5868,Bhadra 2078,NIBSF2,0.002607502836125912
814,LLBS,3641,Bhadra 2078,NIBSF2,0.0016179137400024618
815,SLBBL,8000,Bhadra 2078,NIBSF2,0.003554877758862866
816,SKBBL,5000,Bhadra 2078,NIBSF2,0.002221798599289291
817,SHL,14650,Bhadra 2078,NIBSF2,0.006509869895917623
818,CIT,1100,Bhadra 2078,NIBSF2,0.000488795691843644
819,PSF,1468090,Bhadra 2078,NIBSF2,0.6523600611261231
820,SHIVM,32223,Bhadra 2078,NIBSF2,0.014318603252979765
821,NRIC,2000,Bhadra 2078,NIBSF2,0.0008887194397157165
822,ADBL,53785,Bhadra 2078,NICBF,0.013612592476919842
823,NBL,111015,Bhadra 2078,NICBF,0.028097089408297037
824,PRVU,57012,Bhadra 2078,NICBF,0.014429322716262042
825,NBB,17647,Bhadra 2078,NICBF,0.004466327404298679
826,NABIL,53019,Bhadra 2078,NICBF,0.013418723445827146
827,SANIMA,25451,Bhadra 2078,NICBF,0.006441463068329216
828,NMB,32545,Bhadra 2078,NICBF,0.008236902894140676
829,MBL,41302,Bhadra 2078,NICBF,0.010453235929752594
830,PCBL,41214,Bhadra 2078,NICBF,0.010430963769522624
831,HBL,11835,Bhadra 2078,NICBF,0.002995352458201103
832,SBL,6214,Bhadra 2078,NICBF,0.0015727182235117578
833,SRBL,18439,Bhadra 2078,NICBF,0.00466677684636841
834,BOKL,32848,Bhadra 2078,NICBF,0.00831358999129614
835,MEGA,16034,Bhadra 2078,NICBF,0.004058088830992521
836,CCBL,52758,Bhadra 2078,NICBF,0.013352666243326894
837,SBI,26461,Bhadra 2078,NICBF,0.006697086725514101
838,LBL,6219,Bhadra 2078,NICBF,0.001573983687161188
839,NIBPO,19659,Bhadra 2078,NICBF,0.004975549976829361
840,CZBIL,13160,Bhadra 2078,NICBF,0.0033307003253000857
841,EBL,1575,Bhadra 2078,NICBF,0.000398621049570489
842,KBL,19298,Bhadra 2078,NICBF,0.004884183501340506
843,GBIME,31588,Bhadra 2078,NICBF,0.00799469315163975
844,GBBL,32777,Bhadra 2078,NICBF,0.008295620407474233
845,MNBBL,38604,Bhadra 2078,NICBF,0.0097703917445201
846,KSBBL,25336,Bhadra 2078,NICBF,0.006412357404392323
847,SADBL,18113,Bhadra 2078,NICBF,0.004584268616425567
848,JBBL,14750,Bhadra 2078,NICBF,0.003733117765818865
849,MLBL,26299,Bhadra 2078,NICBF,0.006656085703272565
850,LBBL,27104,Bhadra 2078,NICBF,0.006859825350830815
851,SHINE,4960,Bhadra 2078,NICBF,0.0012553399402346827
852,CHCL,7649,Bhadra 2078,NICBF,0.0019359062908982034
853,BPCL,8407,Bhadra 2078,NICBF,0.00212775058015181
854,RHPL,3053,Bhadra 2078,NICBF,0.0007726921043420336
855,UMRH,1000,Bhadra 2078,NICBF,0.00025309272988602473
856,SHEL,2433,Bhadra 2078,NICBF,0.0006157746118126982
857,CHDC,4197,Bhadra 2078,NICBF,0.0010622301873316458
858,RURU,680,Bhadra 2078,NICBF,0.00017210305632249683
859,NLIC,21905,Bhadra 2078,NICBF,0.005543996248153372
860,SLICL,10069,Bhadra 2078,NICBF,0.0025483906972223833
861,NLICL,13136,Bhadra 2078,NICBF,0.003324626099782821
862,PLIC,9796,Bhadra 2078,NICBF,0.0024792963819634983
863,RLI,5040,Bhadra 2078,NICBF,0.0012755873586255647
864,ALICL,9764,Bhadra 2078,NICBF,0.0024711974146071456
865,PLI,1220,Bhadra 2078,NICBF,0.0003087731304609502
866,GLICL,1995,Bhadra 2078,NICBF,0.0005049199961226193
867,JLI,7700,Bhadra 2078,NICBF,0.0019488140201223906
868,ULI,4535,Bhadra 2078,NICBF,0.0011477755300331222
869,SLI,4286,Bhadra 2078,NICBF,0.001084755440291502
870,NIL,13773,Bhadra 2078,NICBF,0.0034858461687202187
871,SIL,5040,Bhadra 2078,NICBF,0.0012755873586255647
872,GIC,1118,Bhadra 2078,NICBF,0.00028295767201257565
873,SGI,1857,Bhadra 2078,NICBF,0.00046999319939834797
874,HGI,5392,Bhadra 2078,NICBF,0.0013646759995454454
875,PICL,1199,Bhadra 2078,NICBF,0.00030345818313334366
876,PRIN,500,Bhadra 2078,NICBF,0.00012654636494301236
877,NLG,5500,Bhadra 2078,NICBF,0.001392010014373136
878,LGIL,525,Bhadra 2078,NICBF,0.00013287368319016298
879,PIC,500,Bhadra 2078,NICBF,0.00012654636494301236
880,SICL,278,Bhadra 2078,NICBF,7.035977890831488e-05
881,RMDC,10874,Bhadra 2078,NICBF,0.002752130344780633
882,NUBL,11039,Bhadra 2078,NICBF,0.0027938906452118274
883,SWBBL,14249,Bhadra 2078,NICBF,0.0036063183081459665
884,CBBL,18521,Bhadra 2078,NICBF,0.004687530450219065
885,DDBL,6868,Bhadra 2078,NICBF,0.001738240868857218
886,NICLBSL,509,Bhadra 2078,NICBF,0.0001288241995119866
887,RSDC,10662,Bhadra 2078,NICBF,0.002698474686044796
888,FMDBL,8208,Bhadra 2078,NICBF,0.002077385126904491
889,SKBBL,7014,Bhadra 2078,NICBF,0.0017751924074205776
890,SAMAJ,195,Bhadra 2078,NICBF,4.9353082327774826e-05
891,NMBMF,3840,Bhadra 2078,NICBF,0.0009718760827623351
892,MLBSL,727,Bhadra 2078,NICBF,0.00018399841462714
893,JBLB,2605,Bhadra 2078,NICBF,0.0006593065613530945
894,MKLB,400,Bhadra 2078,NICBF,0.0001012370919544099
895,SFMF,150000,Bhadra 2078,NICBF,0.037963909482903714
896,KEF,700000,Bhadra 2078,NICBF,0.17716491092021733
897,PSF,1468090,Bhadra 2078,NICBF,0.3715629058183741
898,RMF1,500000,Bhadra 2078,NICBF,0.12654636494301238
899,NTC,7325,Bhadra 2078,NICBF,0.0018539042464151313
900,CIT,427,Bhadra 2078,NICBF,0.00010807059566133257
901,NMB,47000,Bhadra 2078,NICGF,0.008535424645548332
902,KBL,39217,Bhadra 2078,NICGF,0.007121994645201466
903,ADBL,60501,Bhadra 2078,NICGF,0.010987270776177012
904,GBIME,58501,Bhadra 2078,NICGF,0.010624061216791977
905,NIBPO,41797,Bhadra 2078,NICGF,0.007590534976808162
906,SBI,33001,Bhadra 2078,NICGF,0.005993139334632776
907,NBL,101499,Bhadra 2078,NICGF,0.01843270353401085
908,NBB,12064,Bhadra 2078,NICGF,0.0021908800622105333
909,NABIL,51500,Bhadra 2078,NICGF,0.009352646154164661
910,PCBL,69501,Bhadra 2078,NICGF,0.012621713793409671
911,BOKL,35501,Bhadra 2078,NICGF,0.00644715128386407
912,MBL,44317,Bhadra 2078,NICGF,0.008048179021633305
913,CCBL,55963,Bhadra 2078,NICGF,0.010163148285932367
914,CZBIL,26500,Bhadra 2078,NICGF,0.0048125266618517185
915,SCB,20682,Bhadra 2078,NICGF,0.003755950053600651
916,SBL,30500,Bhadra 2078,NICGF,0.005538945780621789
917,SANIMA,59033,Bhadra 2078,NICGF,0.010720674959588396
918,SRBL,41418,Bhadra 2078,NICGF,0.007521706765304698
919,CBL,32003,Bhadra 2078,NICGF,0.005811897764499643
920,HBL,10719,Bhadra 2078,NICGF,0.001946621633524097
921,PRVU,43000,Bhadra 2078,NICGF,0.007809005526778261
922,MEGA,19499,Bhadra 2078,NICGF,0.0035411115992244023
923,KSBBL,52097,Bhadra 2078,NICGF,0.009461064207641093
924,GBBL,30620,Bhadra 2078,NICGF,0.0055607383541848915
925,MNBBL,63071,Bhadra 2078,NICGF,0.011453995059986783
926,SHINE,36431,Bhadra 2078,NICGF,0.006616043728978112
927,SADBL,56762,Bhadra 2078,NICGF,0.010308250504906689
928,MLBL,13249,Bhadra 2078,NICGF,0.0024060817261461667
929,LBBL,8900,Bhadra 2078,NICGF,0.0016162825392634073
930,CHCL,24000,Bhadra 2078,NICGF,0.0043585147126204244
931,BPCL,6780,Bhadra 2078,NICGF,0.0012312804063152698
932,HURJA,4,Bhadra 2078,NICGF,7.264191187700707e-07
933,RHPL,7235,Bhadra 2078,NICGF,0.0013139105810753655
934,SHEL,3430,Bhadra 2078,NICGF,0.0006229043943453357
935,RURU,680,Bhadra 2078,NICGF,0.00012349125019091203
936,CHDC,4197,Bhadra 2078,NICGF,0.0007621952603694967
937,CBBL,18666,Bhadra 2078,NICGF,0.003389834817740535
938,DDBL,9328,Bhadra 2078,NICGF,0.0016940093849718049
939,NUBL,19600,Bhadra 2078,NICGF,0.0035594536819733465
940,RMDC,7852,Bhadra 2078,NICGF,0.0014259607301456488
941,SKBBL,19865,Bhadra 2078,NICGF,0.0036075789485918637
942,GILB,5,Bhadra 2078,NICGF,9.080238984625884e-07
943,SWBBL,11670,Bhadra 2078,NICGF,0.0021193277790116814
944,NICLBSL,998,Bhadra 2078,NICGF,0.00018124157013313263
945,RSDC,10322,Bhadra 2078,NICGF,0.0018745245359861676
946,FMDBL,9000,Bhadra 2078,NICGF,0.001634443017232659
947,SAMAJ,195,Bhadra 2078,NICGF,3.541293204004095e-05
948,NMBMF,4000,Bhadra 2078,NICGF,0.0007264191187700708
949,MLBSL,727,Bhadra 2078,NICGF,0.00013202667483646035
950,JBLB,2000,Bhadra 2078,NICGF,0.0003632095593850354
951,MKLB,400,Bhadra 2078,NICGF,7.264191187700707e-05
952,ALICL,11750,Bhadra 2078,NICGF,0.002133856161387083
953,PLIC,13501,Bhadra 2078,NICGF,0.002451846130628681
954,NLIC,19727,Bhadra 2078,NICGF,0.0035825174889942964
955,NLICL,18734,Bhadra 2078,NICGF,0.0034021839427596265
956,RLI,4193,Bhadra 2078,NICGF,0.0007614688412507267
957,PLI,4409,Bhadra 2078,NICGF,0.0008006954736643105
958,GLICL,2855,Bhadra 2078,NICGF,0.000518481646022138
959,JLI,7701,Bhadra 2078,NICGF,0.0013985384084120786
960,ULI,4500,Bhadra 2078,NICGF,0.0008172215086163295
961,SLI,4286,Bhadra 2078,NICGF,0.0007783580857621308
962,NLG,13294,Bhadra 2078,NICGF,0.0024142539412323302
963,NIL,10802,Bhadra 2078,NICGF,0.001961694830238576
964,PICL,8600,Bhadra 2078,NICGF,0.001561801105355652
965,PRIN,4400,Bhadra 2078,NICGF,0.0007990610306470778
966,LGIL,7875,Bhadra 2078,NICGF,0.0014301376400785767
967,SICL,5946,Bhadra 2078,NICGF,0.00107982202005171
968,SIC,6500,Bhadra 2078,NICGF,0.001180431068001365
969,SIL,14000,Bhadra 2078,NICGF,0.0025424669156952477
970,AIL,8,Bhadra 2078,NICGF,1.4528382375401415e-06
971,GIC,1000,Bhadra 2078,NICGF,0.0001816047796925177
972,SGI,3000,Bhadra 2078,NICGF,0.0005448143390775531
973,HGI,4775,Bhadra 2078,NICGF,0.000867162823031772
974,NBF2,250000,Bhadra 2078,NICGF,0.04540119492312942
975,CMF2,500000,Bhadra 2078,NICGF,0.09080238984625884
976,SFMF,150000,Bhadra 2078,NICGF,0.027240716953877652
977,SLCF,100000,Bhadra 2078,NICGF,0.018160477969251767
978,KEF,1000000,Bhadra 2078,NICGF,0.18160477969251768
979,PSF,1468090,Bhadra 2078,NICGF,0.26661216101878826
980,RMF1,500000,Bhadra 2078,NICGF,0.09080238984625884
981,NTC,9780,Bhadra 2078,NICGF,0.001776094745392823
982,CIT,937,Bhadra 2078,NICGF,0.00017016367857188906
983,ADBL,13429,Bhadra 2078,NICSF,0.08084499241457366
984,NBL,10500,Bhadra 2078,NICSF,0.06321188624268548
985,PRVU,11988,Bhadra 2078,NICSF,0.07216991355022034
986,SANIMA,10500,Bhadra 2078,NICSF,0.06321188624268548
987,MBL,14000,Bhadra 2078,NICSF,0.0842825149902473
988,PCBL,6500,Bhadra 2078,NICSF,0.03913116767404339
989,CZBIL,14000,Bhadra 2078,NICSF,0.0842825149902473
990,EBL,3499,Bhadra 2078,NICSF,0.021064608567919668
991,GBBL,5000,Bhadra 2078,NICSF,0.03010089821080261
992,MLBL,5000,Bhadra 2078,NICSF,0.03010089821080261
993,LGIL,9491,Bhadra 2078,NICSF,0.05713752498374552
994,PIC,5736,Bhadra 2078,NICSF,0.034531750427432756
995,PRIN,8869,Bhadra 2078,NICSF,0.05339297324632167
996,SIL,5290,Bhadra 2078,NICSF,0.03184675030702916
997,NLICL,8994,Bhadra 2078,NICSF,0.05414549570159174
998,PLIC,8355,Bhadra 2078,NICSF,0.050298600910251165
999,SLICL,9500,Bhadra 2078,NICSF,0.05719170660052496
1000,ULI,8000,Bhadra 2078,NICSF,0.04816143713728418
1001,SLI,7457,Bhadra 2078,NICSF,0.04489247959159101
1002,ADBL,95683,Bhadra 2078,NMB50,0.050599020097778696
1003,EBL,12689,Bhadra 2078,NMB50,0.00671018849765072
1004,HBL,19246,Bhadra 2078,NMB50,0.010177656854423971
1005,LBL,15738,Bhadra 2078,NMB50,0.008322558639453624
1006,MBL,190408,Bhadra 2078,NMB50,0.10069143127596172
1007,NABIL,10341,Bhadra 2078,NMB50,0.005468520707242974
1008,NBL,137045,Bhadra 2078,NMB50,0.07247204528808755
1009,NBB,93337,Bhadra 2078,NMB50,0.049358409946033986
1010,NICA,83042,Bhadra 2078,NMB50,0.04391421492804091
1011,PCBL,156439,Bhadra 2078,NMB50,0.08272796740357641
1012,SANIMA,159058,Bhadra 2078,NMB50,0.08411294523282593
1013,SBL,155498,Bhadra 2078,NMB50,0.08223034841261657
1014,SRBL,146067,Bhadra 2078,NMB50,0.07724305329705633
1015,GBBL,67466,Bhadra 2078,NMB50,0.03567732502029344
1016,JBBL,39502,Bhadra 2078,NMB50,0.02088942123368262
1017,MNBBL,69176,Bhadra 2078,NMB50,0.036581606077191756
1018,MDB,20874,Bhadra 2078,NMB50,0.011038574726137689
1019,SHINE,24845,Bhadra 2078,NMB50,0.013138516291601557
1020,CBBL,20339,Bhadra 2078,NMB50,0.010755656383774766
1021,GMFBS,11435,Bhadra 2078,NMB50,0.006047049055925288
1022,GILB,13579,Bhadra 2078,NMB50,0.00718083770270306
1023,JBLB,845,Bhadra 2078,NMB50,0.00044685233513396314
1024,MKLB,831,Bhadra 2078,NMB50,0.0004394488644926904
1025,MMFDB,10025,Bhadra 2078,NMB50,0.005301413798482818
1026,NUBL,17648,Bhadra 2078,NMB50,0.009332603562655837
1027,NMFBS,15394,Bhadra 2078,NMB50,0.008140644789410921
1028,SAMAJ,217,Bhadra 2078,NMB50,0.00011475379493972782
1029,SMFBS,7458,Bhadra 2078,NMB50,0.003943934574472304
1030,USLB,10174,Bhadra 2078,NMB50,0.00538020787887922
1031,WOMI,9069,Bhadra 2078,NMB50,0.004795862517550192
1032,IGI,20011,Bhadra 2078,NMB50,0.010582203643036374
1033,NIL,26146,Bhadra 2078,NMB50,0.013826510241908403
1034,PIC,34514,Bhadra 2078,NMB50,0.01825167040806344
1035,SIC,18226,Bhadra 2078,NMB50,0.009638261136274098
1036,SICL,9866,Bhadra 2078,NMB50,0.00521733152477122
1037,LICN,17689,Bhadra 2078,NMB50,0.009354285155248136
1038,NLICL,34343,Bhadra 2078,NMB50,0.018161242302373606
1039,SLICL,36940,Bhadra 2078,NMB50,0.0195345861063297
1040,SLI,3913,Bhadra 2078,NMB50,0.0020692700442357373
1041,ULI,17798,Bhadra 2078,NMB50,0.009411926462383759
1042,AKPL,11098,Bhadra 2078,NMB50,0.005868836941203223
1043,SPDL,11602,Bhadra 2078,NMB50,0.006135361884289042
1044,BNT,729,Bhadra 2078,NMB50,0.0003855092926777031
1045,HDL,6129,Bhadra 2078,NMB50,0.0032411336828829115
1046,UNL,1687,Bhadra 2078,NMB50,0.0008921182122733678
1047,OHL,5126,Bhadra 2078,NMB50,0.0027107278933688698
1048,NRIC,21720,Bhadra 2078,NMB50,0.011485955880603171
1049,ADBL,43760,Bhadra 2078,NMBHF1,0.015581359908050037
1050,CZBIL,32793,Bhadra 2078,NMBHF1,0.011676406203489142
1051,EBL,37147,Bhadra 2078,NMBHF1,0.013226708786662128
1052,GBIME,60347,Bhadra 2078,NMBHF1,0.021487393198608217
1053,HBL,15700,Bhadra 2078,NMBHF1,0.005590204537394551
1054,MBL,63075,Bhadra 2078,NMBHF1,0.02245873574497843
1055,NABIL,14501,Bhadra 2078,NMBHF1,0.005163283821449579
1056,NBB,25053,Bhadra 2078,NMBHF1,0.008920470972951955
1057,NIBPO,44946,Bhadra 2078,NMBHF1,0.016003651792212453
1058,SBI,26269,Bhadra 2078,NMBHF1,0.009353444776612579
1059,NICA,28132,Bhadra 2078,NMBHF1,0.01001679197745118
1060,PRVU,56832,Bhadra 2078,NMBHF1,0.02023582829740173
1061,PCBL,52193,Bhadra 2078,NMBHF1,0.018584047478995787
1062,SANIMA,51421,Bhadra 2078,NMBHF1,0.018309166083908614
1063,SBL,48456,Bhadra 2078,NMBHF1,0.017253436373502573
1064,SRBL,46537,Bhadra 2078,NMBHF1,0.016570149589600652
1065,GBBL,45273,Bhadra 2078,NMBHF1,0.0161200847147429
1066,EDBL,6650,Bhadra 2078,NMBHF1,0.0023678254887690296
1067,MDB,15343,Bhadra 2078,NMBHF1,0.0054630896953658985
1068,MNBBL,41991,Bhadra 2078,NMBHF1,0.014951482721639148
1069,SHINE,45610,Bhadra 2078,NMBHF1,0.016240078277106083
1070,AKBSL,1143,Bhadra 2078,NMBHF1,0.0004069811328816543
1071,CBBL,15982,Bhadra 2078,NMBHF1,0.005690614580677689
1072,DDBL,9894,Bhadra 2078,NMBHF1,0.0035228970505083884
1073,ILBS,593,Bhadra 2078,NMBHF1,0.00021114594208120822
1074,LLBS,7244,Bhadra 2078,NMBHF1,0.0025793274948335116
1075,JBLB,3380,Bhadra 2078,NMBHF1,0.0012034962634645595
1076,MKLB,665,Bhadra 2078,NMBHF1,0.000236782548876903
1077,NMFBS,4572,Bhadra 2078,NMBHF1,0.0016279245315266172
1078,NLBBL,9695,Bhadra 2078,NMBHF1,0.003452040317836954
1079,SAMAJ,174,Bhadra 2078,NMBHF1,6.195513308959567e-05
1080,SKBBL,12810,Bhadra 2078,NMBHF1,0.004561179625734026
1081,SLBBL,10476,Bhadra 2078,NMBHF1,0.0037301262887735873
1082,SWBBL,12361,Bhadra 2078,NMBHF1,0.0044013068972442075
1083,TRH,16650,Bhadra 2078,NMBHF1,0.005928465321504413
1084,LICN,4745,Bhadra 2078,NMBHF1,0.0016895236006329393
1085,NLICL,14340,Bhadra 2078,NMBHF1,0.00510595752014254
1086,PLIC,13902,Bhadra 2078,NMBHF1,0.00495000149546873
1087,SLI,9524,Bhadra 2078,NMBHF1,0.003391153376697179
1088,ULI,10238,Bhadra 2078,NMBHF1,0.0036453830607544855
1089,LGIL,10541,Bhadra 2078,NMBHF1,0.0037532704476863675
1090,NIL,14490,Bhadra 2078,NMBHF1,0.00515936711763357
1091,NLG,16841,Bhadra 2078,NMBHF1,0.0059964735423096585
1092,PRIN,11083,Bhadra 2078,NMBHF1,0.003946257126620625
1093,SIC,11667,Bhadra 2078,NMBHF1,0.004154198492852371
1094,SICL,4522,Bhadra 2078,NMBHF1,0.0016101213323629403
1095,SIL,11065,Bhadra 2078,NMBHF1,0.003939847974921701
1096,BNT,1002,Bhadra 2078,NMBHF1,0.0003567761112400854
1097,CMF2,250000,Bhadra 2078,NMBHF1,0.08901599581838458
1098,GIMES1,198973,Bhadra 2078,NMBHF1,0.07084711894388573
1099,NBF2,304800,Bhadra 2078,NMBHF1,0.10852830210177448
1100,NIBSF1,750803,Bhadra 2078,NMBHF1,0.2673339068337224
1101,NTC,12280,Bhadra 2078,NMBHF1,0.004372465714599051
1102,NIBLSF,250000,Bhadra 2078,NMBHF1,0.08901599581838458
1103,CBL,6687,Bhadra 2078,PSF,0.000711509006648518
1104,KBL,52385,Bhadra 2078,PSF,0.005573859625135729
1105,MBL,7445,Bhadra 2078,PSF,0.0007921615903242436
1106,NBL,95630,Bhadra 2078,PSF,0.010175206565843843
1107,NICA,4357,Bhadra 2078,PSF,0.00046359275339727727
1108,PCBL,10901,Bhadra 2078,PSF,0.0011598862990093459
1109,SBI,21763,Bhadra 2078,PSF,0.0023156229268269327
1110,SBL,7673,Bhadra 2078,PSF,0.0008164212065222191
1111,JBBL,2,Bhadra 2078,PSF,2.1280365085943415e-07
1112,MNBBL,5400,Bhadra 2078,PSF,0.0005745698573204722
1113,LGIL,7816,Bhadra 2078,PSF,0.0008316366675586687
1114,NICL,4155,Bhadra 2078,PSF,0.00044209958466047444
1115,NLG,25848,Bhadra 2078,PSF,0.002750274383707327
1116,PRIN,48463,Bhadra 2078,PSF,0.005156551665800378
1117,JBLB,7105,Bhadra 2078,PSF,0.0007559849696781398
1118,MERO,22636,Bhadra 2078,PSF,0.0024085117204270755
1119,MKLB,1496,Bhadra 2078,PSF,0.00015917713084285674
1120,RMDC,12014,Bhadra 2078,PSF,0.0012783115307126208
1121,NICSF,4930605,Bhadra 2078,PSF,0.5246253724728901
1122,RMF1,3992087,Bhadra 2078,PSF,0.42476534407424293
1123,SAEF,70250,Bhadra 2078,PSF,0.007474728236437625
1124,LICN,4613,Bhadra 2078,PSF,0.0004908316207072849
1125,NLICL,5953,Bhadra 2078,PSF,0.0006334100667831057
1126,SLI,11429,Bhadra 2078,PSF,0.0012160664628362364
1127,CHDC,143,Bhadra 2078,PSF,1.521546103644954e-05
1128,NRIC,41479,Bhadra 2078,PSF,0.004413441316999235
1129,GBIME,55200,Bhadra 2078,RMF1,0.03413366048880391
1130,MBL,37327,Bhadra 2078,RMF1,0.023081651178724343
1131,NBL,30000,Bhadra 2078,RMF1,0.018550902439567342
1132,NMB,54570,Bhadra 2078,RMF1,0.033744091537573
1133,PCBL,31218,Bhadra 2078,RMF1,0.01930406907861378
1134,PRVU,40000,Bhadra 2078,RMF1,0.024734536586089793
1135,SANIMA,49500,Bhadra 2078,RMF1,0.030608989025286117
1136,SBL,50000,Bhadra 2078,RMF1,0.03091817073261224
1137,GBBL,22760,Bhadra 2078,RMF1,0.014073951317485092
1138,MNBBL,20000,Bhadra 2078,RMF1,0.012367268293044896
1139,CHCL,22363,Bhadra 2078,RMF1,0.01382846104186815
1140,UPPER,12000,Bhadra 2078,RMF1,0.0074203609758269375
1141,LICN,4010,Bhadra 2078,RMF1,0.0024796372927555015
1142,NLIC,12800,Bhadra 2078,RMF1,0.007915051707548732
1143,NLICL,16441,Bhadra 2078,RMF1,0.010166512900297556
1144,RLI,24000,Bhadra 2078,RMF1,0.014840721951653875
1145,SLI,21429,Bhadra 2078,RMF1,0.013250909612582953
1146,ULI,23036,Bhadra 2078,RMF1,0.014244619619929112
1147,SHIVM,8661,Bhadra 2078,RMF1,0.005355645534303092
1148,CBBL,16978,Bhadra 2078,RMF1,0.010498574053965811
1149,FOWAD,343,Bhadra 2078,RMF1,0.00021209865122571997
1150,GILB,1110,Bhadra 2078,RMF1,0.0006863833902639917
1151,NUBL,13920,Bhadra 2078,RMF1,0.008607618731959248
1152,SKBBL,10199,Bhadra 2078,RMF1,0.006306688466038245
1153,SLBBL,9222,Bhadra 2078,RMF1,0.0057025474099230014
1154,SIGS2,1000000,Bhadra 2078,RMF1,0.6183634146522448
1155,NIL,15270,Bhadra 2078,RMF1,0.009442409341739778
1156,SIC,6188,Bhadra 2078,RMF1,0.003826432809868091
1157,SICL,5627,Bhadra 2078,RMF1,0.003479530934248181
1158,NRIC,3000,Bhadra 2078,RMF1,0.0018550902439567344
1159,ADBL,35000,Bhadra 2078,SAEF,0.009503230826960286
1160,CCBL,125000,Bhadra 2078,SAEF,0.03394011009628674
1161,CZBIL,89630,Bhadra 2078,SAEF,0.02433641654344144
1162,CBL,18005,Bhadra 2078,SAEF,0.0048887334582691415
1163,EBL,5695,Bhadra 2078,SAEF,0.0015463114159868236
1164,GBIME,70844,Bhadra 2078,SAEF,0.0192356252772907
1165,KBL,77111,Bhadra 2078,SAEF,0.020937246637078133
1166,LBL,31584,Bhadra 2078,SAEF,0.008575715498248962
1167,MBL,82689,Bhadra 2078,SAEF,0.02245179011001483
1168,MEGA,112000,Bhadra 2078,SAEF,0.030410338646272916
1169,NABIL,102009,Bhadra 2078,SAEF,0.027697573526496908
1170,NBB,26812,Bhadra 2078,SAEF,0.00728001785521312
1171,NBL,181000,Bhadra 2078,SAEF,0.04914527941942319
1172,NIBPO,125988,Bhadra 2078,SAEF,0.03420837272648779
1173,NIB,2785,Bhadra 2078,SAEF,0.0007561856529452684
1174,NICA,148000,Bhadra 2078,SAEF,0.04018509035400349
1175,NMB,71000,Bhadra 2078,SAEF,0.019277982534690867
1176,PCBL,151612,Bhadra 2078,SAEF,0.0411658237753458
1177,PRVU,146000,Bhadra 2078,SAEF,0.039642048592462904
1178,SBL,88041,Bhadra 2078,SAEF,0.023904969863897445
1179,SRBL,65199,Bhadra 2078,SAEF,0.01770288990534239
1180,EDBL,24527,Bhadra 2078,SAEF,0.006659592642652998
1181,GBBL,72183,Bhadra 2078,SAEF,0.019599191736642124
1182,JBBL,5000,Bhadra 2078,SAEF,0.0013576044038514693
1183,LBBL,5000,Bhadra 2078,SAEF,0.0013576044038514693
1184,MLBL,19083,Bhadra 2078,SAEF,0.005181432967739518
1185,MDB,5607,Bhadra 2078,SAEF,0.0015224175784790378
1186,MNBBL,57345,Bhadra 2078,SAEF,0.015570364907772503
1187,SHINE,41000,Bhadra 2078,SAEF,0.011132356111582049
1188,CBBL,21305,Bhadra 2078,SAEF,0.005784752364811111
1189,FMDBL,22803,Bhadra 2078,SAEF,0.006191490644205011
1190,FOWAD,12601,Bhadra 2078,SAEF,0.003421434618586473
1191,GILB,4132,Bhadra 2078,SAEF,0.0011219242793428542
1192,JSLBB,181,Bhadra 2078,SAEF,4.914527941942319e-05
1193,JBLB,3042,Bhadra 2078,SAEF,0.000825966519303234
1194,MLBSL,1227,Bhadra 2078,SAEF,0.0003331561207051506
1195,MKLB,599,Bhadra 2078,SAEF,0.00016264100758140603
1196,NADEP,1927,Bhadra 2078,SAEF,0.0005232207372443563
1197,NAGRO,131,Bhadra 2078,SAEF,3.55692353809085e-05
1198,NLBBL,51,Bhadra 2078,SAEF,1.3847564919284987e-05
1199,NICLBSL,2200,Bhadra 2078,SAEF,0.0005973459376946465
1200,NUBL,9975,Bhadra 2078,SAEF,0.0027084207856836813
1201,RMDC,33400,Bhadra 2078,SAEF,0.009068797417727816
1202,SABSL,1841,Bhadra 2078,SAEF,0.000499869941498111
1203,SDLBSL,2360,Bhadra 2078,SAEF,0.0006407892786178935
1204,SKBBL,45764,Bhadra 2078,SAEF,0.012425881587571729
1205,SWBBL,10525,Bhadra 2078,SAEF,0.002857757270107343
1206,SMFBS,517,Bhadra 2078,SAEF,0.00014037629535824193
1207,SLBBL,1425,Bhadra 2078,SAEF,0.00038691725509766876
1208,USLB,1324,Bhadra 2078,SAEF,0.0003594936461398691
1209,LICN,18848,Bhadra 2078,SAEF,0.005117625560758499
1210,NLICL,29163,Bhadra 2078,SAEF,0.00791836344590408
1211,NLIC,10733,Bhadra 2078,SAEF,0.002914233613307564
1212,SLI,8571,Bhadra 2078,SAEF,0.0023272054690821886
1213,ULI,9214,Bhadra 2078,SAEF,0.002501793395417488
1214,HGI,5500,Bhadra 2078,SAEF,0.0014933648442366162
1215,IGI,7490,Bhadra 2078,SAEF,0.0020336913969695013
1216,NIL,14350,Bhadra 2078,SAEF,0.003896324639053717
1217,NLG,49998,Bhadra 2078,SAEF,0.013575500996753153
1218,PIC,12000,Bhadra 2078,SAEF,0.0032582505692435267
1219,SIL,10329,Bhadra 2078,SAEF,0.0028045391774763656
1220,AHPC,15380,Bhadra 2078,SAEF,0.00417599114624712
1221,MKJC,1052,Bhadra 2078,SAEF,0.00028563996657034917
1222,RHPL,32000,Bhadra 2078,SAEF,0.008688668184649403
1223,NICSF,100000,Bhadra 2079,SAEF,0.027152088077029388
1224,NMB50,533100,Bhadra 2080,SAEF,0.14474778153864368
1225,RMF1,250000,Bhadra 2081,SAEF,0.06788022019257348
1226,SBCF,157700,Bhadra 2078,SAEF,0.04281884289747535
1227,SIGS2,85000,Bhadra 2078,SAEF,0.02307927486547498
1228,HDL,8440,Bhadra 2078,SAEF,0.0022916362337012802
1229,SHIVM,33525,Bhadra 2078,SAEF,0.009102737527824102
1230,NRIC,28714,Bhadra 2078,SAEF,0.007796450570438218
1231,CGH,2500,Bhadra 2078,SAEF,0.0006788022019257346
1232,OHL,5500,Bhadra 2078,SAEF,0.0014933648442366162
1233,TRH,3000,Bhadra 2078,SAEF,0.0008145626423108817
1234,CIT,17772,Bhadra 2078,SAEF,0.004825469093049663
1235,NIFRA,70000,Bhadra 2078,SAEF,0.019006461653920573
1236,NIBPO,16587,Bhadra 2078,SBCF,0.01571251971524788
1237,ADBL,40000,Bhadra 2078,SBCF,0.03789116709531049
1238,CCBL,10000,Bhadra 2078,SBCF,0.009472791773827623
1239,EBL,25000,Bhadra 2078,SBCF,0.02368197943456906
1240,GBIME,50000,Bhadra 2078,SBCF,0.04736395886913812
1241,HBL,6000,Bhadra 2078,SBCF,0.005683675064296574
1242,MEGA,43139,Bhadra 2078,SBCF,0.040864676433114984
1243,NABIL,27553,Bhadra 2078,SBCF,0.02610038317442725
1244,NICA,30467,Bhadra 2078,SBCF,0.02886075469732062
1245,NMB,36400,Bhadra 2078,SBCF,0.03448096205673255
1246,PCBL,36078,Bhadra 2078,SBCF,0.0341759381616153
1247,SANIMA,18756,Bhadra 2078,SBCF,0.017767168250991092
1248,SBL,36400,Bhadra 2078,SBCF,0.03448096205673255
1249,SCB,23287,Bhadra 2078,SBCF,0.022059290203712386
1250,GBBL,20000,Bhadra 2078,SBCF,0.018945583547655246
1251,MDB,3045,Bhadra 2078,SBCF,0.0028844650951305112
1252,MNBBL,12602,Bhadra 2078,SBCF,0.011937612193377571
1253,CBBL,16770,Bhadra 2078,SBCF,0.015885871804708924
1254,DDBL,12971,Bhadra 2078,SBCF,0.012287158209831811
1255,GILB,8029,Bhadra 2078,SBCF,0.007605704515206199
1256,JBLB,3802,Bhadra 2078,SBCF,0.0036015554324092627
1257,MKLB,748,Bhadra 2078,SBCF,0.0007085648246823062
1258,NMBMF,8831,Bhadra 2078,SBCF,0.008365422415467174
1259,RMDC,19408,Bhadra 2078,SBCF,0.01838479427464465
1260,SKBBL,11435,Bhadra 2078,SBCF,0.010832137393371888
1261,NLIC,27770,Bhadra 2078,SBCF,0.026305942755919312
1262,NLICL,25197,Bhadra 2078,SBCF,0.023868593432513463
1263,SLI,7547,Bhadra 2078,SBCF,0.007149115951707708
1264,ULI,8518,Bhadra 2078,SBCF,0.00806892403294637
1265,NIL,20822,Bhadra 2078,SBCF,0.019724247031463877
1266,NLG,25074,Bhadra 2078,SBCF,0.023752078093695384
1267,PIC,19842,Bhadra 2078,SBCF,0.01879591343762877
1268,AKPL,32000,Bhadra 2078,SBCF,0.030312933676248394
1269,BPCL,33000,Bhadra 2078,SBCF,0.03126021285363116
1270,CHCL,42857,Bhadra 2078,SBCF,0.040597543705093046
1271,SHEL,17000,Bhadra 2078,SBCF,0.01610374601550696
1272,SJCL,11500,Bhadra 2078,SBCF,0.010893710539901767
1273,UPPER,18000,Bhadra 2078,SBCF,0.017051025192889722
1274,UNL,20,Bhadra 2078,SBCF,1.8945583547655248e-05
1275,NIBSF2,249200,Bhadra 2078,SBCF,0.23606197100378437
1276,BPCL,10810,Bhadra 2078,SEF,0.004886370416711115
1277,CCBL,141203,Bhadra 2078,SEF,0.06382702700748008
1278,CHCL,17112,Bhadra 2078,SEF,0.007735020404325681
1279,GBBL,13534,Bhadra 2078,SEF,0.0061176815189424825
1280,GBIME,161792,Bhadra 2078,SEF,0.07313373195749535
1281,GLICL,10260,Bhadra 2078,SEF,0.004637757675805369
1282,HBL,700,Bhadra 2078,SEF,0.0003164162156982221
1283,LBL,12000,Bhadra 2078,SEF,0.005424277983398093
1284,LICN,27837,Bhadra 2078,SEF,0.012582968851987727
1285,MNBBL,31125,Bhadra 2078,SEF,0.014069221019438805
1286,NBL,181712,Bhadra 2078,SEF,0.0821380334099362
1287,NIBPO,132215,Bhadra 2078,SEF,0.05976424279791491
1288,NICA,145672,Bhadra 2078,SEF,0.06584711853313059
1289,NIL,30470,Bhadra 2078,SEF,0.013773145846178324
1290,NLIC,33806,Bhadra 2078,SEF,0.015281095125562996
1291,NLICL,76746,Bhadra 2078,SEF,0.03469096984282251
1292,NMB,86132,Bhadra 2078,SEF,0.03893365927217038
1293,NTC,39783,Bhadra 2078,SEF,0.01798283758446053
1294,PCBL,120915,Bhadra 2078,SEF,0.054656381030215036
1295,PLIC,9361,Bhadra 2078,SEF,0.004231388850215796
1296,SANIMA,216214,Bhadra 2078,SEF,0.09773373665853628
1297,SCB,31757,Bhadra 2078,SEF,0.014354899659897771
1298,SHINE,25737,Bhadra 2078,SEF,0.011633720204893061
1299,SIC,618,Bhadra 2078,SEF,0.0002793503161450018
1300,SICL,30375,Bhadra 2078,SEF,0.013730203645476424
1301,SKBBL,8988,Bhadra 2078,SEF,0.0040627842095651715
1302,SRBL,51910,Bhadra 2078,SEF,0.023464522509849584
1303,SWBBL,3088,Bhadra 2078,SEF,0.0013958475343944427
1304,UNL,222,Bhadra 2078,SEF,0.00010034914269286472
1305,PRVU,206977,Bhadra 2078,SEF,0.0935583986808156
1306,SMATA,25,Bhadra 2078,SEF,1.1300579132079361e-05
1307,NUBL,42453,Bhadra 2078,SEF,0.019189739435766604
1308,NBB,20000,Bhadra 2078,SEF,0.009040463305663488
1309,NLBBL,20470,Bhadra 2078,SEF,0.009252914193346581
1310,MBL,11659,Bhadra 2078,SEF,0.005270138084036531
1311,PIC,29628,Bhadra 2078,SEF,0.013392542341009893
1312,ALICL,17718,Bhadra 2078,SEF,0.008008946442487284
1313,CBBL,41895,Bhadra 2078,SEF,0.018937510509538593
1314,KSBBL,16386,Bhadra 2078,SEF,0.007406851586330096
1315,BNT,2100,Bhadra 2078,SEF,0.0009492486470946663
1316,HGI,1652,Bhadra 2078,SEF,0.0007467422690478041
1317,RMDC,30877,Bhadra 2078,SEF,0.013957119274448577
1318,NABIL,56396,Bhadra 2078,SEF,0.025492298429309904
1319,AKBSL,2000,Bhadra 2078,SEF,0.0009040463305663489
1320,NRIC,6577,Bhadra 2078,SEF,0.0029729563580674382
1321,NICLBSL,3843,Bhadra 2078,SEF,0.0017371250241832393
1322,SAMAJ,195,Bhadra 2078,SEF,8.814451723021901e-05
1323,UIC,5040,Bhadra 2078,SEF,0.0022781967530271993
1324,CGH,8,Bhadra 2078,SEF,3.6161853222653954e-06
1325,SLICL,14491,Bhadra 2078,SEF,0.006550267688118481
1326,HDL,500,Bhadra 2078,SEF,0.00022601158264158721
1327,LBBL,23000,Bhadra 2078,SEF,0.010396532801513012
1328,JBLB,4183,Bhadra 2078,SEF,0.0018908129003795187
1329,MKLB,823,Bhadra 2078,SEF,0.00037201506502805256
1330,SLI,1286,Bhadra 2078,SEF,0.0005813017905541623
1331,NIBPO,45881,Bhadra 2078,SFMF,0.015679845583543767
1332,ADBL,35864,Bhadra 2078,SFMF,0.012256532813326074
1333,CCBL,30000,Bhadra 2078,SFMF,0.010252509045276106
1334,CZBIL,20000,Bhadra 2078,SFMF,0.00683500603018407
1335,EBL,46151,Bhadra 2078,SFMF,0.015772118164951252
1336,GBIME,71772,Bhadra 2078,SFMF,0.024528102639918555
1337,HBL,25566,Bhadra 2078,SFMF,0.008737188208384298
1338,KBL,1,Bhadra 2078,SFMF,3.417503015092035e-07
1339,LBL,1,Bhadra 2078,SFMF,3.417503015092035e-07
1340,MBL,36974,Bhadra 2078,SFMF,0.012635875648001291
1341,MEGA,5000,Bhadra 2078,SFMF,0.0017087515075460175
1342,NABIL,55996,Bhadra 2078,SFMF,0.01913664988330936
1343,NBB,300,Bhadra 2078,SFMF,0.00010252509045276106
1344,NICA,22450,Bhadra 2078,SFMF,0.007672294268881619
1345,NMB,37435,Bhadra 2078,SFMF,0.012793422536997034
1346,SANIMA,86903,Bhadra 2078,SFMF,0.029699126452054313
1347,SCB,46143,Bhadra 2078,SFMF,0.015769384162539177
1348,GBBL,46388,Bhadra 2078,SFMF,0.015853112986408933
1349,JBBL,26301,Bhadra 2078,SFMF,0.008988374679993562
1350,LBBL,12994,Bhadra 2078,SFMF,0.004440703417810591
1351,MDB,22583,Bhadra 2078,SFMF,0.007717747058982343
1352,MNBBL,61344,Bhadra 2078,SFMF,0.02096433049578058
1353,SHINE,1,Bhadra 2078,SFMF,3.417503015092035e-07
1354,UFL,1,Bhadra 2078,SFMF,3.417503015092035e-07
1355,CBBL,37033,Bhadra 2078,SFMF,0.012656038915790334
1356,FMDBL,9527,Bhadra 2078,SFMF,0.003255855122478182
1357,JBLB,3803,Bhadra 2078,SFMF,0.001299676396639501
1358,MKLB,748,Bhadra 2078,SFMF,0.0002556292255288842
1359,NICLBSL,6300,Bhadra 2078,SFMF,0.002153026899507982
1360,NMBMF,8951,Bhadra 2078,SFMF,0.0030590069488088804
1361,RMDC,12652,Bhadra 2078,SFMF,0.0043238248146944425
1362,SAMAJ,391,Bhadra 2078,SFMF,0.00013362436789009856
1363,SKBBL,9375,Bhadra 2078,SFMF,0.003203909076648783
1364,SLBBL,124,Bhadra 2078,SFMF,4.237703738714123e-05
1365,NLICL,10020,Bhadra 2078,SFMF,0.0034243380211222193
1366,NLIC,6000,Bhadra 2078,SFMF,0.002050501809055221
1367,SLICL,34979,Bhadra 2078,SFMF,0.01195408379649043
1368,SLI,10714,Bhadra 2078,SFMF,0.0036615127303696064
1369,ULI,10268,Bhadra 2078,SFMF,0.003509092095896502
1370,LGIL,27580,Bhadra 2078,SFMF,0.009425473315623833
1371,NIL,15591,Bhadra 2078,SFMF,0.005328228950829992
1372,PICL,21700,Bhadra 2078,SFMF,0.007415981542749716
1373,AKPL,25974,Bhadra 2078,SFMF,0.008876622331400052
1374,CHCL,8000,Bhadra 2078,SFMF,0.002734002412073628
1375,GLH,3000,Bhadra 2078,SFMF,0.0010252509045276105
1376,RHPL,21520,Bhadra 2078,SFMF,0.00735446648847806
1377,SHEL,5000,Bhadra 2078,SFMF,0.0017087515075460175
1378,SJCL,22345,Bhadra 2078,SFMF,0.007636410487223152
1379,UPPER,7000,Bhadra 2078,SFMF,0.0023922521105644245
1380,CGH,6973,Bhadra 2078,SFMF,0.002383024852423676
1381,CIT,5450,Bhadra 2078,SFMF,0.001862539143225159
1382,NIFRA,15000,Bhadra 2078,SFMF,0.005126254522638053
1383,NRIC,15641,Bhadra 2078,SFMF,0.005345316465905452
1384,KEF,1597400,Bhadra 2078,SFMF,0.5459119316308017
1385,NIBSF2,231005,Bhadra 2078,SFMF,0.07894602840013355
1386,CCBL,110225,Bhadra 2078,SIGS2,0.06471767008167725
1387,CHCL,1000,Bhadra 2078,SIGS2,0.000587141484070558
1388,CZBIL,4289,Bhadra 2078,SIGS2,0.002518249825178623
1389,GBBL,12685,Bhadra 2078,SIGS2,0.007447889725435028
1390,GBIME,77794,Bhadra 2078,SIGS2,0.04567608461178499
1391,GLICL,7712,Bhadra 2078,SIGS2,0.004528035125152143
1392,LBL,10000,Bhadra 2078,SIGS2,0.00587141484070558
1393,LGIL,100,Bhadra 2078,SIGS2,5.8714148407055797e-05
1394,LICN,28174,Bhadra 2078,SIGS2,0.0165421241722039
1395,MEGA,212,Bhadra 2078,SIGS2,0.0001244739946229583
1396,MNBBL,27308,Bhadra 2078,SIGS2,0.016033659646998797
1397,NBL,97450,Bhadra 2078,SIGS2,0.05721693762267587
1398,NIBPO,5031,Bhadra 2078,SIGS2,0.0029539088063589773
1399,NICA,149150,Bhadra 2078,SIGS2,0.08757215234912372
1400,NIL,25877,Bhadra 2078,SIGS2,0.015193460183293829
1401,NLIC,35293,Bhadra 2078,SIGS2,0.020721984397302204
1402,NLICL,65123,Bhadra 2078,SIGS2,0.03823641486712694
1403,NMB,80806,Bhadra 2078,SIGS2,0.04744455476180551
1404,NTC,31806,Bhadra 2078,SIGS2,0.018674622042348165
1405,PCBL,115021,Bhadra 2078,SIGS2,0.06753360063927964
1406,PLIC,7800,Bhadra 2078,SIGS2,0.004579703575750352
1407,SANIMA,158558,Bhadra 2078,SIGS2,0.09309597943125952
1408,SCB,17152,Bhadra 2078,SIGS2,0.010070650734778211
1409,SHINE,25100,Bhadra 2078,SIGS2,0.014737251250171005
1410,SICL,21813,Bhadra 2078,SIGS2,0.01280731719203108
1411,SKBBL,21142,Bhadra 2078,SIGS2,0.012413345256219737
1412,SRBL,49995,Bhadra 2078,SIGS2,0.029354138496107546
1413,SWBBL,2482,Bhadra 2078,SIGS2,0.0014572851634631248
1414,UNL,130,Bhadra 2078,SIGS2,7.632839292917253e-05
1415,PRVU,210259,Bhadra 2078,SIGS2,0.12345178129919145
1416,NUBL,32367,Bhadra 2078,SIGS2,0.01900400841491175
1417,NBB,25000,Bhadra 2078,SIGS2,0.01467853710176395
1418,NLBBL,9000,Bhadra 2078,SIGS2,0.005284273356635022
1419,MBL,5000,Bhadra 2078,SIGS2,0.00293570742035279
1420,PIC,21770,Bhadra 2078,SIGS2,0.012782070108216047
1421,ALICL,16488,Bhadra 2078,SIGS2,0.00968078878935536
1422,CBBL,34242,Bhadra 2078,SIGS2,0.020104898697544046
1423,KSBBL,23139,Bhadra 2078,SIGS2,0.013585866799908641
1424,BNT,555,Bhadra 2078,SIGS2,0.0003258635236591597
1425,HGI,2000,Bhadra 2078,SIGS2,0.001174282968141116
1426,SJCL,1,Bhadra 2078,SIGS2,5.871414840705579e-07
1427,RMDC,31081,Bhadra 2078,SIGS2,0.01824894446639701
1428,NABIL,43348,Bhadra 2078,SIGS2,0.025451409051490546
1429,ICFC,4099,Bhadra 2078,SIGS2,0.0024066929432052173
1430,SIFC,11150,Bhadra 2078,SIGS2,0.006546627547386721
1431,NRIC,12243,Bhadra 2078,SIGS2,0.007188373189475841
1432,HDL,500,Bhadra 2078,SIGS2,0.000293570742035279
1433,NICLBSL,2462,Bhadra 2078,SIGS2,0.0014455423337817138
1434,SAMAJ,195,Bhadra 2078,SIGS2,0.0001144925893937588
1435,UIC,4745,Bhadra 2078,SIGS2,0.0027859863419147975
1436,SLICL,3700,Bhadra 2078,SIGS2,0.0021724234910610644
1437,JBLB,3422,Bhadra 2078,SIGS2,0.0020091981584894492
1438,MKLB,673,Bhadra 2078,SIGS2,0.0003951462187794855
1439,LBBL,16500,Bhadra 2078,SIGS2,0.009687834487164206
1440,CZBIL,36399,Bhadra 2078,SLCF,0.03147882774467894
1441,MBL,24986,Bhadra 2078,SLCF,0.021608560400795295
1442,NBL,117748,Bhadra 2078,SLCF,0.10183161650815835
1443,NICA,58410,Bhadra 2078,SLCF,0.050514528656465746
1444,NMB,20682,Bhadra 2078,SLCF,0.01788634620224319
1445,MEGA,27055,Bhadra 2078,SLCF,0.02339788688239481
1446,SRBL,25493,Bhadra 2078,SLCF,0.02204702754732548
1447,NABIL,4930,Bhadra 2078,SLCF,0.004263595724642632
1448,KEF,21200,Bhadra 2078,SLCF,0.018334326442682312
1449,NIBPO,17000,Bhadra 2078,SLCF,0.014702054222905627
1450,NBB,50948,Bhadra 2078,SLCF,0.04406119167932917
1451,LBL,3757,Bhadra 2078,SLCF,0.003249153983262144
1452,GBBL,8751,Bhadra 2078,SLCF,0.00756809861792042
1453,MNBBL,2465,Bhadra 2078,SLCF,0.002131797862321316
1454,CBBL,13213,Bhadra 2078,SLCF,0.011426955438073651
1455,RMDC,3355,Bhadra 2078,SLCF,0.002901493642226375
1456,NUBL,10665,Bhadra 2078,SLCF,0.009223376958075796
1457,GILB,3709,Bhadra 2078,SLCF,0.00320764230075041
1458,MLBSL,1211,Bhadra 2078,SLCF,0.0010473051567022774
1459,SKBBL,10466,Bhadra 2078,SLCF,0.0090512764409959
1460,NMFBS,825,Bhadra 2078,SLCF,0.0007134820431704201
1461,NICLBSL,2199,Bhadra 2078,SLCF,0.0019017539550687927
1462,JBLB,4563,Bhadra 2078,SLCF,0.00394620431877167
1463,MKLB,898,Bhadra 2078,SLCF,0.0007766143936570149
1464,NIL,18664,Bhadra 2078,SLCF,0.01614112588331239
1465,PIC,7338,Bhadra 2078,SLCF,0.0063460984639812645
1466,PRIN,18232,Bhadra 2078,SLCF,0.015767520740706788
1467,NLG,15092,Bhadra 2078,SLCF,0.01305196484306422
1468,LGIL,2000,Bhadra 2078,SLCF,0.0017296534379888974
1469,PLIC,7103,Bhadra 2078,SLCF,0.006142864185017569
1470,SLICL,1393,Bhadra 2078,SLCF,0.001204703619559267
1471,GLICL,6000,Bhadra 2078,SLCF,0.005188960313966692
1472,NLICL,16000,Bhadra 2078,SLCF,0.013837227503911179
1473,ULI,13821,Bhadra 2078,SLCF,0.011952770083222276
1474,SLI,12857,Bhadra 2078,SLCF,0.011119077126111626
1475,AHPC,7500,Bhadra 2078,SLCF,0.006486200392458365
1476,API,9645,Bhadra 2078,SLCF,0.008341253704701457
1477,MKJC,1578,Bhadra 2078,SLCF,0.00136469656257324
1478,RMF1,250000,Bhadra 2078,SLCF,0.21620667974861216
1479,SBCF,250000,Bhadra 2078,SLCF,0.21620667974861216
1480,SHIVM,31371,Bhadra 2078,SLCF,0.02713047900157485
1481,CGH,5969,Bhadra 2078,SLCF,0.005162150685677864
1482,NRIC,10810,Bhadra 2078,SLCF,0.009348776832329991
1483,NLICL,1600,Bhadra 2078,SSIS,0.08163265306122448
1484,SANIMA,5000,Bhadra 2078,SSIS,0.25510204081632654
1485,SRBL,5000,Bhadra 2078,SSIS,0.25510204081632654
1486,NBB,7000,Bhadra 2078,SSIS,0.35714285714285715
1487,SLICL,1000,Bhadra 2078,SSIS,0.05102040816326531
