,Stock,Quantity,Month,MFundName,Fund Size
0,ADBL,4920,FALGUN 2078,CMF1,820000000
1,CBL,1,FALGUN 2078,CMF1,820000000
2,CZBIL,1,FALGUN 2078,CMF1,820000000
3,EBL,519,FALGUN 2078,CMF1,820000000
4,GBIME,73451,FALGUN 2078,CMF1,820000000
5,HBL,28582,FALGUN 2078,CMF1,820000000
6,KBL,74472,FALGUN 2078,CMF1,820000000
7,LBL,14201,FALGUN 2078,CMF1,820000000
8,MBL,37676,FALGUN 2078,CMF1,820000000
9,MEGA,80449,FALGUN 2078,CMF1,820000000
10,NABIL,4992,FALGUN 2078,CMF1,820000000
11,NBB,1456,FALGUN 2078,CMF1,820000000
12,NBL,7803,FALGUN 2078,CMF1,820000000
13,NIBPO,3353,FALGUN 2078,CMF1,820000000
14,NIB,5630,FALGUN 2078,CMF1,820000000
15,NICA,44468,FALGUN 2078,CMF1,820000000
16,NMB,65652,FALGUN 2078,CMF1,820000000
17,PRVU,75446,FALGUN 2078,CMF1,820000000
18,PCBL,55760,FALGUN 2078,CMF1,820000000
19,SANIMA,48737,FALGUN 2078,CMF1,820000000
20,SBL,55300,FALGUN 2078,CMF1,820000000
21,SCB,611,FALGUN 2078,CMF1,820000000
22,GBBL,12150,FALGUN 2078,CMF1,820000000
23,JBBL,4531,FALGUN 2078,CMF1,820000000
24,LBBL,22635,FALGUN 2078,CMF1,820000000
25,KSBBL,3077,FALGUN 2078,CMF1,820000000
26,MNBBL,15363,FALGUN 2078,CMF1,820000000
27,MLBL,3141,FALGUN 2078,CMF1,820000000
28,EDBL,1,FALGUN 2078,CMF1,820000000
29,SHINE,301,FALGUN 2078,CMF1,820000000
30,SADBL,1,FALGUN 2078,CMF1,820000000
31,CFCL,3,FALGUN 2078,CMF1,820000000
32,ICFC,4496,FALGUN 2078,CMF1,820000000
33,JFL,3795,FALGUN 2078,CMF1,820000000
34,GFCL,5882,FALGUN 2078,CMF1,820000000
35,SIFC,1,FALGUN 2078,CMF1,820000000
36,OHL,1298,FALGUN 2078,CMF1,820000000
37,TRH,1600,FALGUN 2078,CMF1,820000000
38,BPCL,21,FALGUN 2078,CMF1,820000000
39,MBJC,4690,FALGUN 2078,CMF1,820000000
40,RADHI,1000,FALGUN 2078,CMF1,820000000
41,API,1050,FALGUN 2078,CMF1,820000000
42,CHCL,1200,FALGUN 2078,CMF1,820000000
43,SHPC,6470,FALGUN 2078,CMF1,820000000
44,ALICL,20885,FALGUN 2078,CMF1,820000000
45,LICN,7242,FALGUN 2078,CMF1,820000000
46,NLICL,9560,FALGUN 2078,CMF1,820000000
47,NLIC,22793,FALGUN 2078,CMF1,820000000
48,PLIC,18255,FALGUN 2078,CMF1,820000000
49,SLICL,8537,FALGUN 2078,CMF1,820000000
50,ACLBSL,4,FALGUN 2078,CMF1,820000000
51,CBBL,27091,FALGUN 2078,CMF1,820000000
52,DDBL,20013,FALGUN 2078,CMF1,820000000
53,NUBL,20284,FALGUN 2078,CMF1,820000000
54,RMDC,2278,FALGUN 2078,CMF1,820000000
55,GILB,1071,FALGUN 2078,CMF1,820000000
56,NMFBS,540,FALGUN 2078,CMF1,820000000
57,KMCDB,1,FALGUN 2078,CMF1,820000000
58,SABSL,7,FALGUN 2078,CMF1,820000000
59,SWBBL,12071,FALGUN 2078,CMF1,820000000
60,JBLB,245,FALGUN 2078,CMF1,820000000
61,FOWAD,2974,FALGUN 2078,CMF1,820000000
62,MERO,1141,FALGUN 2078,CMF1,820000000
63,ILBS,1548,FALGUN 2078,CMF1,820000000
64,JALPA,1044,FALGUN 2078,CMF1,820000000
65,RULB,1700,FALGUN 2078,CMF1,820000000
66,SKBBL,10905,FALGUN 2078,CMF1,820000000
67,NIL,14897,FALGUN 2078,CMF1,820000000
68,NLG,2200,FALGUN 2078,CMF1,820000000
69,PRIN,2151,FALGUN 2078,CMF1,820000000
70,SICL,26149,FALGUN 2078,CMF1,820000000
71,PIC,16283,FALGUN 2078,CMF1,820000000
72,SIC,12054,FALGUN 2078,CMF1,820000000
73,SIL,14248,FALGUN 2078,CMF1,820000000
74,MMF1,50000,FALGUN 2078,CMF1,820000000
75,NIBLSF,250000,FALGUN 2078,CMF1,820000000
76,HDL,540,FALGUN 2078,CMF1,820000000
77,SHIVM,1674,FALGUN 2078,CMF1,820000000
78,CIT,696,FALGUN 2078,CMF1,820000000
79,ENL,1111,FALGUN 2078,CMF1,820000000
80,NTC,4,FALGUN 2078,CMF1,820000000
81,SAMAJ,195,FALGUN 2078,CMF1,820000000
82,NESDO,1657,FALGUN 2078,CMF1,820000000
83,BALEPHI,4265,FALGUN 2078,CMF1,820000000
84,GREEN,7292,FALGUN 2078,CMF1,820000000
85,ADBL,10454,FALGUN 2078,CMF2,560000000
86,EBL,212,FALGUN 2078,CMF2,560000000
87,GBIME,46974,FALGUN 2078,CMF2,560000000
88,HBL,27031,FALGUN 2078,CMF2,560000000
89,KBL,43354,FALGUN 2078,CMF2,560000000
90,LBL,16274,FALGUN 2078,CMF2,560000000
91,MEGA,50813,FALGUN 2078,CMF2,560000000
92,NABIL,10422,FALGUN 2078,CMF2,560000000
93,MBL,25414,FALGUN 2078,CMF2,560000000
94,NBB,2464,FALGUN 2078,CMF2,560000000
95,NBL,1,FALGUN 2078,CMF2,560000000
96,NIB,5630,FALGUN 2078,CMF2,560000000
97,NIBPO,683,FALGUN 2078,CMF2,560000000
98,SBI,1035,FALGUN 2078,CMF2,560000000
99,NICA,28080,FALGUN 2078,CMF2,560000000
100,NMB,46185,FALGUN 2078,CMF2,560000000
101,PRVU,47199,FALGUN 2078,CMF2,560000000
102,PCBL,41050,FALGUN 2078,CMF2,560000000
103,SANIMA,25708,FALGUN 2078,CMF2,560000000
104,SBL,34501,FALGUN 2078,CMF2,560000000
105,EDBL,1421,FALGUN 2078,CMF2,560000000
106,GBBL,4654,FALGUN 2078,CMF2,560000000
107,JBBL,10612,FALGUN 2078,CMF2,560000000
108,LBBL,10250,FALGUN 2078,CMF2,560000000
109,KSBBL,3968,FALGUN 2078,CMF2,560000000
110,MLBL,3534,FALGUN 2078,CMF2,560000000
111,MDB,2131,FALGUN 2078,CMF2,560000000
112,MNBBL,12629,FALGUN 2078,CMF2,560000000
113,SHINE,1861,FALGUN 2078,CMF2,560000000
114,ICFC,6452,FALGUN 2078,CMF2,560000000
115,GFCL,3721,FALGUN 2078,CMF2,560000000
116,JFL,2530,FALGUN 2078,CMF2,560000000
117,PFL,199,FALGUN 2078,CMF2,560000000
118,SIFC,1128,FALGUN 2078,CMF2,560000000
119,API,1650,FALGUN 2078,CMF2,560000000
120,CHCL,720,FALGUN 2078,CMF2,560000000
121,MBJC,2590,FALGUN 2078,CMF2,560000000
122,RADHI,800,FALGUN 2078,CMF2,560000000
123,SAHAS,317,FALGUN 2078,CMF2,560000000
124,SHPC,9500,FALGUN 2078,CMF2,560000000
125,ALICL,16448,FALGUN 2078,CMF2,560000000
126,LICN,5922,FALGUN 2078,CMF2,560000000
127,NLICL,6692,FALGUN 2078,CMF2,560000000
128,NLIC,16120,FALGUN 2078,CMF2,560000000
129,PLIC,11512,FALGUN 2078,CMF2,560000000
130,SLICL,8800,FALGUN 2078,CMF2,560000000
131,CBBL,7094,FALGUN 2078,CMF2,560000000
132,DDBL,16827,FALGUN 2078,CMF2,560000000
133,FOWAD,2601,FALGUN 2078,CMF2,560000000
134,GILB,200,FALGUN 2078,CMF2,560000000
135,NUBL,9290,FALGUN 2078,CMF2,560000000
136,ILBS,712,FALGUN 2078,CMF2,560000000
137,JALPA,696,FALGUN 2078,CMF2,560000000
138,JBLB,270,FALGUN 2078,CMF2,560000000
139,LLBS,750,FALGUN 2078,CMF2,560000000
140,RULB,1133,FALGUN 2078,CMF2,560000000
141,RMDC,1174,FALGUN 2078,CMF2,560000000
142,MERO,1800,FALGUN 2078,CMF2,560000000
143,MMFDB,407,FALGUN 2078,CMF2,560000000
144,NMFBS,310,FALGUN 2078,CMF2,560000000
145,SKBBL,10655,FALGUN 2078,CMF2,560000000
146,SWBBL,12851,FALGUN 2078,CMF2,560000000
147,NIL,12492,FALGUN 2078,CMF2,560000000
148,NLG,2808,FALGUN 2078,CMF2,560000000
149,PIC,15992,FALGUN 2078,CMF2,560000000
150,PRIN,980,FALGUN 2078,CMF2,560000000
151,SIC,11650,FALGUN 2078,CMF2,560000000
152,SICL,19532,FALGUN 2078,CMF2,560000000
153,SIL,11200,FALGUN 2078,CMF2,560000000
154,MMF1,50000,FALGUN 2078,CMF2,560000000
155,NICSF,100000,FALGUN 2078,CMF2,560000000
156,KEF,50000,FALGUN 2078,CMF2,560000000
157,NIBSF2,200000,FALGUN 2078,CMF2,560000000
158,RMF1,100000,FALGUN 2078,CMF2,560000000
159,CIT,300,FALGUN 2078,CMF2,560000000
160,ENL,741,FALGUN 2078,CMF2,560000000
161,HDL,188,FALGUN 2078,CMF2,560000000
162,SHIVM,1130,FALGUN 2078,CMF2,560000000
163,OHL,600,FALGUN 2078,CMF2,560000000
164,TRH,886,FALGUN 2078,CMF2,560000000
165,SAMAJ,195,FALGUN 2078,CMF2,560000000
166,NESDO,1105,FALGUN 2078,CMF2,560000000
167,BALEPHI,1828,FALGUN 2078,CMF2,560000000
168,GREEN,3125,FALGUN 2078,CMF2,560000000
169,CCBLPO,128338,FALGUN 2078,GIMES1,1000000000
170,NIBPO,44749,FALGUN 2078,GIMES1,1000000000
171,GBIME,3191,FALGUN 2078,GIMES1,1000000000
172,MBL,34258,FALGUN 2078,GIMES1,1000000000
173,LBL,6456,FALGUN 2078,GIMES1,1000000000
174,NBB,44527,FALGUN 2078,GIMES1,1000000000
175,CCBL,117633,FALGUN 2078,GIMES1,1000000000
176,CBL,24659,FALGUN 2078,GIMES1,1000000000
177,CZBIL,81366,FALGUN 2078,GIMES1,1000000000
178,ADBL,7100,FALGUN 2078,GIMES1,1000000000
179,EBL,4660,FALGUN 2078,GIMES1,1000000000
180,SANIMA,9696,FALGUN 2078,GIMES1,1000000000
181,SCB,22844,FALGUN 2078,GIMES1,1000000000
182,PCBL,3500,FALGUN 2078,GIMES1,1000000000
183,BOKL,1,FALGUN 2078,GIMES1,1000000000
184,SBL,43,FALGUN 2078,GIMES1,1000000000
185,KSBBL,215617,FALGUN 2078,GIMES1,1000000000
186,JBBL,1203,FALGUN 2078,GIMES1,1000000000
187,SADBL,14244,FALGUN 2078,GIMES1,1000000000
188,LBBL,553,FALGUN 2078,GIMES1,1000000000
189,MDB,1776,FALGUN 2078,GIMES1,1000000000
190,AKBSL,940,FALGUN 2078,GIMES1,1000000000
191,SKBBL,6492,FALGUN 2078,GIMES1,1000000000
192,NLBBL,1,FALGUN 2078,GIMES1,1000000000
193,ACLBSL,1001,FALGUN 2078,GIMES1,1000000000
194,SAMAJ,391,FALGUN 2078,GIMES1,1000000000
195,SWBBL,116,FALGUN 2078,GIMES1,1000000000
196,FMDBL,112880,FALGUN 2078,GIMES1,1000000000
197,MSLB,38,FALGUN 2078,GIMES1,1000000000
198,JALPA,1740,FALGUN 2078,GIMES1,1000000000
199,RULB,2833,FALGUN 2078,GIMES1,1000000000
200,MERO,1,FALGUN 2078,GIMES1,1000000000
201,GFCL,96802,FALGUN 2078,GIMES1,1000000000
202,MFIL,55668,FALGUN 2078,GIMES1,1000000000
203,MEN,37889,FALGUN 2078,GIMES1,1000000000
204,HPPL,119922,FALGUN 2078,GIMES1,1000000000
205,HURJA,140758,FALGUN 2078,GIMES1,1000000000
206,SPDL,6223,FALGUN 2078,GIMES1,1000000000
207,GLH,199041,FALGUN 2078,GIMES1,1000000000
208,NGPL,76434,FALGUN 2078,GIMES1,1000000000
209,MBJC,30000,FALGUN 2078,GIMES1,1000000000
210,UPPER,14626,FALGUN 2078,GIMES1,1000000000
211,CHCL,273,FALGUN 2078,GIMES1,1000000000
212,PLI,37032,FALGUN 2078,GIMES1,1000000000
213,PLIC,3233,FALGUN 2078,GIMES1,1000000000
214,SLICL,1,FALGUN 2078,GIMES1,1000000000
215,RBCLPO,7082,FALGUN 2078,GIMES1,1000000000
216,EICPO,15093,FALGUN 2078,GIMES1,1000000000
217,EIC,1,FALGUN 2078,GIMES1,1000000000
218,CGH,1453,FALGUN 2078,GIMES1,1000000000
219,CMF1,2762790,FALGUN 2078,GIMES1,1000000000
220,NEF,193133,FALGUN 2078,GIMES1,1000000000
221,NICGF,101789,FALGUN 2078,GIMES1,1000000000
222,LEMF,156300,FALGUN 2078,GIMES1,1000000000
223,SFMF,2957676,FALGUN 2078,GIMES1,1000000000
224,SAEF,61017,FALGUN 2078,GIMES1,1000000000
225,SEF,672866,FALGUN 2078,GIMES1,1000000000
226,NIBSF1,91878,FALGUN 2078,GIMES1,1000000000
227,NBF2,14205,FALGUN 2078,GIMES1,1000000000
228,PSF,594800,FALGUN 2078,GIMES1,1000000000
229,SIGS2,14700,FALGUN 2078,GIMES1,1000000000
230,SLCF,500000,FALGUN 2078,GIMES1,1000000000
231,KEF,5200,FALGUN 2078,GIMES1,1000000000
232,NIBLPF,13815,FALGUN 2078,GIMES1,1000000000
233,NRIC,26172,FALGUN 2078,GIMES1,1000000000
234,CIT,9637,FALGUN 2078,GIMES1,1000000000
235,ENL,1852,FALGUN 2078,GIMES1,1000000000
236,NRN,2000,FALGUN 2078,GIMES1,1000000000
237,HDL,8985,FALGUN 2078,GIMES1,1000000000
238,SANIMA,29649,FALGUN 2078,KEF,1000000000
239,NICA,45568,FALGUN 2078,KEF,1000000000
240,MBL,40756,FALGUN 2078,KEF,1000000000
241,SBL,47813,FALGUN 2078,KEF,1000000000
242,CZBIL,22686,FALGUN 2078,KEF,1000000000
243,PRVU,37991,FALGUN 2078,KEF,1000000000
244,NIBPO,52760,FALGUN 2078,KEF,1000000000
245,NMB,25001,FALGUN 2078,KEF,1000000000
246,LBL,59315,FALGUN 2078,KEF,1000000000
247,ADBL,12000,FALGUN 2078,KEF,1000000000
248,GBIME,49067,FALGUN 2078,KEF,1000000000
249,EBL,9997,FALGUN 2078,KEF,1000000000
250,SCB,6578,FALGUN 2078,KEF,1000000000
251,MNBBL,39329,FALGUN 2078,KEF,1000000000
252,LBBL,5650,FALGUN 2078,KEF,1000000000
253,NUBL,18082,FALGUN 2078,KEF,1000000000
254,CBBL,7590,FALGUN 2078,KEF,1000000000
255,FOWAD,4227,FALGUN 2078,KEF,1000000000
256,LLBS,20431,FALGUN 2078,KEF,1000000000
257,SWBBL,3815,FALGUN 2078,KEF,1000000000
258,MLBSL,2,FALGUN 2078,KEF,1000000000
259,MLBS,1000,FALGUN 2078,KEF,1000000000
260,NICLBSL,7688,FALGUN 2078,KEF,1000000000
261,RULB,2833,FALGUN 2078,KEF,1000000000
262,JALPA,1740,FALGUN 2078,KEF,1000000000
263,LICN,4182,FALGUN 2078,KEF,1000000000
264,NLICL,24363,FALGUN 2078,KEF,1000000000
265,ULI,23632,FALGUN 2078,KEF,1000000000
266,RLI,14763,FALGUN 2078,KEF,1000000000
267,GLICL,10836,FALGUN 2078,KEF,1000000000
268,AIL,9386,FALGUN 2078,KEF,1000000000
269,SIC,13427,FALGUN 2078,KEF,1000000000
270,NIL,15796,FALGUN 2078,KEF,1000000000
271,SIL,7000,FALGUN 2078,KEF,1000000000
272,NIBSF1,261600,FALGUN 2078,KEF,1000000000
273,NICBF,542835,FALGUN 2078,KEF,1000000000
274,SBCF,1226360,FALGUN 2078,KEF,1000000000
275,NEF,119822,FALGUN 2078,KEF,1000000000
276,PSF,500000,FALGUN 2078,KEF,1000000000
277,NIBSF2,958500,FALGUN 2078,KEF,1000000000
278,NMBHF1,195740,FALGUN 2078,KEF,1000000000
279,NMB50,568600,FALGUN 2078,KEF,1000000000
280,RMF1,1000000,FALGUN 2078,KEF,1000000000
281,NICSF,1000000,FALGUN 2078,KEF,1000000000
282,MMF1,436330,FALGUN 2078,KEF,1000000000
283,BNT,310,FALGUN 2078,KEF,1000000000
284,ENL,1852,FALGUN 2078,KEF,1000000000
285,AHPC,5417,FALGUN 2078,KEF,1000000000
286,SAHAS,1,FALGUN 2078,KEF,1000000000
287,ADBL,43432,FALGUN 2078,LEMF,1250000000
288,API,42345,FALGUN 2078,LEMF,1250000000
289,AKPL,6000,FALGUN 2078,LEMF,1250000000
290,AHPC,58449,FALGUN 2078,LEMF,1250000000
291,ALBSL,1773,FALGUN 2078,LEMF,1250000000
292,BOKL,4936,FALGUN 2078,LEMF,1250000000
293,BPCL,1,FALGUN 2078,LEMF,1250000000
294,CBBL,18757,FALGUN 2078,LEMF,1250000000
295,CBL,53300,FALGUN 2078,LEMF,1250000000
296,CCBL,49024,FALGUN 2078,LEMF,1250000000
297,CHCL,72287,FALGUN 2078,LEMF,1250000000
298,CIT,1377,FALGUN 2078,LEMF,1250000000
299,CZBIL,25003,FALGUN 2078,LEMF,1250000000
300,CMF1,1025435,FALGUN 2078,LEMF,1250000000
301,DDBL,17818,FALGUN 2078,LEMF,1250000000
302,EBL,52900,FALGUN 2078,LEMF,1250000000
303,EDBL,6,FALGUN 2078,LEMF,1250000000
304,ENL,1217,FALGUN 2078,LEMF,1250000000
305,GBIME,94872,FALGUN 2078,LEMF,1250000000
306,GIC,1959,FALGUN 2078,LEMF,1250000000
307,GILB,1659,FALGUN 2078,LEMF,1250000000
308,GBLBS,13369,FALGUN 2078,LEMF,1250000000
309,GLICL,48111,FALGUN 2078,LEMF,1250000000
310,HBL,29296,FALGUN 2078,LEMF,1250000000
311,HGI,44550,FALGUN 2078,LEMF,1250000000
312,HDL,5135,FALGUN 2078,LEMF,1250000000
313,IGI,16101,FALGUN 2078,LEMF,1250000000
314,JALPA,1143,FALGUN 2078,LEMF,1250000000
315,JBLB,3506,FALGUN 2078,LEMF,1250000000
316,JLI,8291,FALGUN 2078,LEMF,1250000000
317,KBL,12301,FALGUN 2078,LEMF,1250000000
318,LBBL,43645,FALGUN 2078,LEMF,1250000000
319,LGIL,7556,FALGUN 2078,LEMF,1250000000
320,MBJC,4338,FALGUN 2078,LEMF,1250000000
321,MLBSL,140,FALGUN 2078,LEMF,1250000000
322,MBL,64155,FALGUN 2078,LEMF,1250000000
323,MMFDB,4084,FALGUN 2078,LEMF,1250000000
324,MNBBL,537,FALGUN 2078,LEMF,1250000000
325,NABIL,7487,FALGUN 2078,LEMF,1250000000
326,NBF2,450000,FALGUN 2078,LEMF,1250000000
327,NLICL,45744,FALGUN 2078,LEMF,1250000000
328,NBB,12049,FALGUN 2078,LEMF,1250000000
329,NBL,34414,FALGUN 2078,LEMF,1250000000
330,NCCB,5954,FALGUN 2078,LEMF,1250000000
331,NIL,21314,FALGUN 2078,LEMF,1250000000
332,NIFRA,251021,FALGUN 2078,LEMF,1250000000
333,NICL,37069,FALGUN 2078,LEMF,1250000000
334,NIBPO,64692,FALGUN 2078,LEMF,1250000000
335,NLIC,9825,FALGUN 2078,LEMF,1250000000
336,NRIC,19462,FALGUN 2078,LEMF,1250000000
337,NICA,12195,FALGUN 2078,LEMF,1250000000
338,NICLBSL,1266,FALGUN 2078,LEMF,1250000000
339,NLBBL,241,FALGUN 2078,LEMF,1250000000
340,NLG,22411,FALGUN 2078,LEMF,1250000000
341,NMBMF,1,FALGUN 2078,LEMF,1250000000
342,NMB,41474,FALGUN 2078,LEMF,1250000000
343,NRN,1485,FALGUN 2078,LEMF,1250000000
344,NUBL,13475,FALGUN 2078,LEMF,1250000000
345,PCBL,51331,FALGUN 2078,LEMF,1250000000
346,PRVU,87405,FALGUN 2078,LEMF,1250000000
347,PRIN,1864,FALGUN 2078,LEMF,1250000000
348,PLI,1918,FALGUN 2078,LEMF,1250000000
349,PIC,7102,FALGUN 2078,LEMF,1250000000
350,PICL,37419,FALGUN 2078,LEMF,1250000000
351,RULB,1862,FALGUN 2078,LEMF,1250000000
352,RLI,1182,FALGUN 2078,LEMF,1250000000
353,RMDC,5935,FALGUN 2078,LEMF,1250000000
354,SDLBSL,255,FALGUN 2078,LEMF,1250000000
355,SKBBL,4342,FALGUN 2078,LEMF,1250000000
356,SGI,959,FALGUN 2078,LEMF,1250000000
357,SLI,14078,FALGUN 2078,LEMF,1250000000
358,SANIMA,79498,FALGUN 2078,LEMF,1250000000
359,SBI,55601,FALGUN 2078,LEMF,1250000000
360,SBL,12434,FALGUN 2078,LEMF,1250000000
361,SCB,22864,FALGUN 2078,LEMF,1250000000
362,SADBL,26210,FALGUN 2078,LEMF,1250000000
363,SICL,9414,FALGUN 2078,LEMF,1250000000
364,SIL,2018,FALGUN 2078,LEMF,1250000000
365,SLBBL,2575,FALGUN 2078,LEMF,1250000000
366,SRBL,65813,FALGUN 2078,LEMF,1250000000
367,SLICL,14182,FALGUN 2078,LEMF,1250000000
368,SWBBL,1539,FALGUN 2078,LEMF,1250000000
369,ULI,8904,FALGUN 2078,LEMF,1250000000
370,UMRH,1,FALGUN 2078,LEMF,1250000000
371,UIC,13655,FALGUN 2078,LEMF,1250000000
372,USLB,501,FALGUN 2078,LEMF,1250000000
373,UPPER,11000,FALGUN 2078,LEMF,1250000000
374,ADBL,36000,FALGUN 2078,LUK,652623600
375,AHPC,25620,FALGUN 2078,LUK,652623600
376,BOKL,50000,FALGUN 2078,LUK,652623600
377,BPCL,8000,FALGUN 2078,LUK,652623600
378,CBBL,8500,FALGUN 2078,LUK,652623600
379,CBL,15000,FALGUN 2078,LUK,652623600
380,CCBL,12729,FALGUN 2078,LUK,652623600
381,CHCL,16166,FALGUN 2078,LUK,652623600
382,CZBIL,37000,FALGUN 2078,LUK,652623600
383,DDBL,2558,FALGUN 2078,LUK,652623600
384,EBL,19506,FALGUN 2078,LUK,652623600
385,ENL,635,FALGUN 2078,LUK,652623600
386,FMDBL,8000,FALGUN 2078,LUK,652623600
387,GBBL,16000,FALGUN 2078,LUK,652623600
388,GBIME,29089,FALGUN 2078,LUK,652623600
389,GILB,1020,FALGUN 2078,LUK,652623600
390,GBLBS,14530,FALGUN 2078,LUK,652623600
391,GLICL,9000,FALGUN 2078,LUK,652623600
392,HGI,7465,FALGUN 2078,LUK,652623600
393,HDL,300,FALGUN 2078,LUK,652623600
394,IGI,2100,FALGUN 2078,LUK,652623600
395,JALPA,597,FALGUN 2078,LUK,652623600
396,JBLB,200,FALGUN 2078,LUK,652623600
397,KSBBL,1499,FALGUN 2078,LUK,652623600
398,KBL,28001,FALGUN 2078,LUK,652623600
399,LGIL,9477,FALGUN 2078,LUK,652623600
400,MEGA,32562,FALGUN 2078,LUK,652623600
401,NABIL,6360,FALGUN 2078,LUK,652623600
402,NBF2,152800,FALGUN 2078,LUK,652623600
403,NEF,22722,FALGUN 2078,LUK,652623600
404,NLICL,25963,FALGUN 2078,LUK,652623600
405,NBB,37500,FALGUN 2078,LUK,652623600
406,NBL,48000,FALGUN 2078,LUK,652623600
407,NCCB,13026,FALGUN 2078,LUK,652623600
408,NIFRA,48579,FALGUN 2078,LUK,652623600
409,NICL,18392,FALGUN 2078,LUK,652623600
410,NIBPO,29415,FALGUN 2078,LUK,652623600
411,NLIC,500,FALGUN 2078,LUK,652623600
412,NRIC,12861,FALGUN 2078,LUK,652623600
413,NIBLSF,250000,FALGUN 2078,LUK,652623600
414,NICBF,399700,FALGUN 2078,LUK,652623600
415,NICA,9000,FALGUN 2078,LUK,652623600
416,NICLBSL,4991,FALGUN 2078,LUK,652623600
417,NLG,8712,FALGUN 2078,LUK,652623600
418,NMB50,46500,FALGUN 2078,LUK,652623600
419,NMBHF1,34810,FALGUN 2078,LUK,652623600
420,NMB,50435,FALGUN 2078,LUK,652623600
421,NRN,373,FALGUN 2078,LUK,652623600
422,NUBL,9490,FALGUN 2078,LUK,652623600
423,PCBL,13380,FALGUN 2078,LUK,652623600
424,PRVU,47502,FALGUN 2078,LUK,652623600
425,PRIN,15382,FALGUN 2078,LUK,652623600
426,PIC,17491,FALGUN 2078,LUK,652623600
427,PICL,16754,FALGUN 2078,LUK,652623600
428,RULB,972,FALGUN 2078,LUK,652623600
429,RMDC,8000,FALGUN 2078,LUK,652623600
430,SANIMA,49166,FALGUN 2078,LUK,652623600
431,SBL,34500,FALGUN 2078,LUK,652623600
432,SCB,18169,FALGUN 2078,LUK,652623600
433,SADBL,11148,FALGUN 2078,LUK,652623600
434,SHINE,23000,FALGUN 2078,LUK,652623600
435,SICL,6737,FALGUN 2078,LUK,652623600
436,SRBL,12892,FALGUN 2078,LUK,652623600
437,SFMF,30000,FALGUN 2078,LUK,652623600
438,SLICL,9000,FALGUN 2078,LUK,652623600
439,UPPER,4000,FALGUN 2078,LUK,652623600
440,ADBL,3000,FALGUN 2078,NADDF,498984500
441,NBL,8710,FALGUN 2078,NADDF,498984500
442,SANIMA,4680,FALGUN 2078,NADDF,498984500
443,CCBL,6345,FALGUN 2078,NADDF,498984500
444,SRBL,2666,FALGUN 2078,NADDF,498984500
445,GBIME,1100,FALGUN 2078,NADDF,498984500
446,PCBL,5510,FALGUN 2078,NADDF,498984500
447,NABIL,1000,FALGUN 2078,NADDF,498984500
448,KSBBL,2962,FALGUN 2078,NADDF,498984500
449,CBBL,2000,FALGUN 2078,NADDF,498984500
450,MLBSL,536,FALGUN 2078,NADDF,498984500
451,NUBL,1000,FALGUN 2078,NADDF,498984500
452,JBLB,3000,FALGUN 2078,NADDF,498984500
453,MKLB,696,FALGUN 2078,NADDF,498984500
454,MLBS,354,FALGUN 2078,NADDF,498984500
455,JALPA,522,FALGUN 2078,NADDF,498984500
456,RULB,850,FALGUN 2078,NADDF,498984500
457,ALICL,1250,FALGUN 2078,NADDF,498984500
458,NLICL,5500,FALGUN 2078,NADDF,498984500
459,NLIC,1000,FALGUN 2078,NADDF,498984500
460,SLICL,3422,FALGUN 2078,NADDF,498984500
461,ULI,5350,FALGUN 2078,NADDF,498984500
462,SLI,5000,FALGUN 2078,NADDF,498984500
463,AIL,1000,FALGUN 2078,NADDF,498984500
464,EIC,1151,FALGUN 2078,NADDF,498984500
465,GIC,2000,FALGUN 2078,NADDF,498984500
466,HGI,2575,FALGUN 2078,NADDF,498984500
467,IGI,1675,FALGUN 2078,NADDF,498984500
468,LGIL,3545,FALGUN 2078,NADDF,498984500
469,NICL,1500,FALGUN 2078,NADDF,498984500
470,NLG,4103,FALGUN 2078,NADDF,498984500
471,PRIN,200,FALGUN 2078,NADDF,498984500
472,PIC,1428,FALGUN 2078,NADDF,498984500
473,PICL,2410,FALGUN 2078,NADDF,498984500
474,SICL,2566,FALGUN 2078,NADDF,498984500
475,SIL,3580,FALGUN 2078,NADDF,498984500
476,UIC,1500,FALGUN 2078,NADDF,498984500
477,NIL,4042,FALGUN 2078,NADDF,498984500
478,PSF,500000,FALGUN 2078,NADDF,498984500
479,KEF,300000,FALGUN 2078,NADDF,498984500
480,RMF1,250000,FALGUN 2078,NADDF,498984500
481,MKJC,294,FALGUN 2078,NADDF,498984500
482,SAHAS,3933,FALGUN 2078,NADDF,498984500
483,TPC,615,FALGUN 2078,NADDF,498984500
484,SPC,408,FALGUN 2078,NADDF,498984500
485,NYADI,1675,FALGUN 2078,NADDF,498984500
486,MBJC,6600,FALGUN 2078,NADDF,498984500
487,BNHC,647,FALGUN 2078,NADDF,498984500
488,ENL,556,FALGUN 2078,NADDF,498984500
489,ADBL,64051,FALGUN 2078,NBF2,1120000000
490,BOKL,43750,FALGUN 2078,NBF2,1120000000
491,CCBL,55594,FALGUN 2078,NBF2,1120000000
492,CZBIL,48731,FALGUN 2078,NBF2,1120000000
493,CBL,17000,FALGUN 2078,NBF2,1120000000
494,EBL,13235,FALGUN 2078,NBF2,1120000000
495,GBIME,62421,FALGUN 2078,NBF2,1120000000
496,HBL,29999,FALGUN 2078,NBF2,1120000000
497,LBL,5475,FALGUN 2078,NBF2,1120000000
498,MBL,41762,FALGUN 2078,NBF2,1120000000
499,MEGA,51598,FALGUN 2078,NBF2,1120000000
500,NBB,22400,FALGUN 2078,NBF2,1120000000
501,NBL,75447,FALGUN 2078,NBF2,1120000000
502,NCCB,57178,FALGUN 2078,NBF2,1120000000
503,NIBPO,93321,FALGUN 2078,NBF2,1120000000
504,NMB,27861,FALGUN 2078,NBF2,1120000000
505,PRVU,54875,FALGUN 2078,NBF2,1120000000
506,PCBL,46400,FALGUN 2078,NBF2,1120000000
507,SANIMA,44263,FALGUN 2078,NBF2,1120000000
508,SBL,7111,FALGUN 2078,NBF2,1120000000
509,SRBL,50923,FALGUN 2078,NBF2,1120000000
510,GBBL,12512,FALGUN 2078,NBF2,1120000000
511,JBBL,15000,FALGUN 2078,NBF2,1120000000
512,KSBBL,5247,FALGUN 2078,NBF2,1120000000
513,MLBL,6430,FALGUN 2078,NBF2,1120000000
514,MNBBL,17100,FALGUN 2078,NBF2,1120000000
515,SHINE,20787,FALGUN 2078,NBF2,1120000000
516,MFIL,8400,FALGUN 2078,NBF2,1120000000
517,AKBSL,910,FALGUN 2078,NBF2,1120000000
518,ALBSL,9768,FALGUN 2078,NBF2,1120000000
519,CBBL,14000,FALGUN 2078,NBF2,1120000000
520,CLBSL,3129,FALGUN 2078,NBF2,1120000000
521,FMDBL,12850,FALGUN 2078,NBF2,1120000000
522,FOWAD,2700,FALGUN 2078,NBF2,1120000000
523,GBLBS,33000,FALGUN 2078,NBF2,1120000000
524,JALPA,538,FALGUN 2078,NBF2,1120000000
525,JBLB,1140,FALGUN 2078,NBF2,1120000000
526,LLBS,2472,FALGUN 2078,NBF2,1120000000
527,MLBSL,1267,FALGUN 2078,NBF2,1120000000
528,MLBS,665,FALGUN 2078,NBF2,1120000000
529,MERO,5830,FALGUN 2078,NBF2,1120000000
530,NADEP,7708,FALGUN 2078,NBF2,1120000000
531,NLBBL,10086,FALGUN 2078,NBF2,1120000000
532,NICLBSL,6350,FALGUN 2078,NBF2,1120000000
533,RULB,877,FALGUN 2078,NBF2,1120000000
534,RMDC,7902,FALGUN 2078,NBF2,1120000000
535,SDLBSL,10139,FALGUN 2078,NBF2,1120000000
536,SAMAJ,185,FALGUN 2078,NBF2,1120000000
537,SKBBL,21173,FALGUN 2078,NBF2,1120000000
538,SMFDB,3175,FALGUN 2078,NBF2,1120000000
539,ALICL,10802,FALGUN 2078,NBF2,1120000000
540,GLICL,56948,FALGUN 2078,NBF2,1120000000
541,NLICL,45415,FALGUN 2078,NBF2,1120000000
542,NLIC,15950,FALGUN 2078,NBF2,1120000000
543,PLIC,41079,FALGUN 2078,NBF2,1120000000
544,SLI,4127,FALGUN 2078,NBF2,1120000000
545,SLICL,5184,FALGUN 2078,NBF2,1120000000
546,HGI,22375,FALGUN 2078,NBF2,1120000000
547,IGI,23753,FALGUN 2078,NBF2,1120000000
548,LGIL,47040,FALGUN 2078,NBF2,1120000000
549,NIL,18987,FALGUN 2078,NBF2,1120000000
550,NICL,6690,FALGUN 2078,NBF2,1120000000
551,NLG,11792,FALGUN 2078,NBF2,1120000000
552,PRIN,25764,FALGUN 2078,NBF2,1120000000
553,PIC,38987,FALGUN 2078,NBF2,1120000000
554,PICL,16173,FALGUN 2078,NBF2,1120000000
555,SIC,5884,FALGUN 2078,NBF2,1120000000
556,SICL,10131,FALGUN 2078,NBF2,1120000000
557,UIC,19673,FALGUN 2078,NBF2,1120000000
558,OHL,13169,FALGUN 2078,NBF2,1120000000
559,AKPL,23786,FALGUN 2078,NBF2,1120000000
560,AHPC,54461,FALGUN 2078,NBF2,1120000000
561,BPCL,16795,FALGUN 2078,NBF2,1120000000
562,CHCL,18586,FALGUN 2078,NBF2,1120000000
563,JOSHI,10000,FALGUN 2078,NBF2,1120000000
564,PMHPL,34707,FALGUN 2078,NBF2,1120000000
565,SHPC,10577,FALGUN 2078,NBF2,1120000000
566,UPCL,28028,FALGUN 2078,NBF2,1120000000
567,HDL,3000,FALGUN 2078,NBF2,1120000000
568,CMF2,513487,FALGUN 2078,NBF2,1120000000
569,NICBF,1381940,FALGUN 2078,NBF2,1120000000
570,NMB50,1090000,FALGUN 2078,NBF2,1120000000
571,RMF1,250000,FALGUN 2078,NBF2,1120000000
572,SAEF,933110,FALGUN 2078,NBF2,1120000000
573,SEF,615700,FALGUN 2078,NBF2,1120000000
574,SIGS2,923600,FALGUN 2078,NBF2,1120000000
575,SFMF,668820,FALGUN 2078,NBF2,1120000000
576,BBC,2331,FALGUN 2078,NBF2,1120000000
577,CIT,9448,FALGUN 2078,NBF2,1120000000
578,ENL,572,FALGUN 2078,NBF2,1120000000
579,NIFRA,4674,FALGUN 2078,NBF2,1120000000
580,NRN,41034,FALGUN 2078,NBF2,1120000000
581,NTC,6500,FALGUN 2078,NBF2,1120000000
582,NRIC,13967,FALGUN 2078,NBF2,1120000000
583,ADBL,67432,FALGUN 2078,NEF,1250000000
584,BOKL,44674,FALGUN 2078,NEF,1250000000
585,CZBIL,47197,FALGUN 2078,NEF,1250000000
586,CBL,6000,FALGUN 2078,NEF,1250000000
587,EBL,35850,FALGUN 2078,NEF,1250000000
588,GBIME,41151,FALGUN 2078,NEF,1250000000
589,HBL,26292,FALGUN 2078,NEF,1250000000
590,KBL,79095,FALGUN 2078,NEF,1250000000
591,MBL,38674,FALGUN 2078,NEF,1250000000
592,MEGA,64787,FALGUN 2078,NEF,1250000000
593,NBB,78731,FALGUN 2078,NEF,1250000000
594,NBL,80330,FALGUN 2078,NEF,1250000000
595,NCCB,71834,FALGUN 2078,NEF,1250000000
596,NIB,19075,FALGUN 2078,NEF,1250000000
597,NIBPO,79247,FALGUN 2078,NEF,1250000000
598,SBI,37266,FALGUN 2078,NEF,1250000000
599,NICA,15839,FALGUN 2078,NEF,1250000000
600,PRVU,46008,FALGUN 2078,NEF,1250000000
601,PCBL,42600,FALGUN 2078,NEF,1250000000
602,SANIMA,9653,FALGUN 2078,NEF,1250000000
603,SBL,8778,FALGUN 2078,NEF,1250000000
604,SCB,10445,FALGUN 2078,NEF,1250000000
605,SRBL,63755,FALGUN 2078,NEF,1250000000
606,GBBL,13000,FALGUN 2078,NEF,1250000000
607,JBBL,3910,FALGUN 2078,NEF,1250000000
608,MNBBL,12162,FALGUN 2078,NEF,1250000000
609,SHINE,12000,FALGUN 2078,NEF,1250000000
610,MFIL,27315,FALGUN 2078,NEF,1250000000
611,ALBSL,11948,FALGUN 2078,NEF,1250000000
612,CBBL,20473,FALGUN 2078,NEF,1250000000
613,DDBL,10231,FALGUN 2078,NEF,1250000000
614,GBLBS,31045,FALGUN 2078,NEF,1250000000
615,JALPA,601,FALGUN 2078,NEF,1250000000
616,JBLB,2011,FALGUN 2078,NEF,1250000000
617,LLBS,10194,FALGUN 2078,NEF,1250000000
618,MLBS,742,FALGUN 2078,NEF,1250000000
619,NLBBL,9300,FALGUN 2078,NEF,1250000000
620,NUBL,14997,FALGUN 2078,NEF,1250000000
621,RULB,978,FALGUN 2078,NEF,1250000000
622,RMDC,13378,FALGUN 2078,NEF,1250000000
623,SDLBSL,18875,FALGUN 2078,NEF,1250000000
624,SAMAJ,206,FALGUN 2078,NEF,1250000000
625,SKBBL,15784,FALGUN 2078,NEF,1250000000
626,SLBBL,13750,FALGUN 2078,NEF,1250000000
627,API,10500,FALGUN 2078,NEF,1250000000
628,AKPL,17628,FALGUN 2078,NEF,1250000000
629,AHPC,40625,FALGUN 2078,NEF,1250000000
630,BPCL,32466,FALGUN 2078,NEF,1250000000
631,CHCL,18000,FALGUN 2078,NEF,1250000000
632,PMHPL,26219,FALGUN 2078,NEF,1250000000
633,RHPC,17000,FALGUN 2078,NEF,1250000000
634,SHPC,21209,FALGUN 2078,NEF,1250000000
635,ALICL,26478,FALGUN 2078,NEF,1250000000
636,GLICL,24387,FALGUN 2078,NEF,1250000000
637,LICN,12321,FALGUN 2078,NEF,1250000000
638,NLICL,53737,FALGUN 2078,NEF,1250000000
639,PLIC,52133,FALGUN 2078,NEF,1250000000
640,SLICL,27548,FALGUN 2078,NEF,1250000000
641,HGI,33186,FALGUN 2078,NEF,1250000000
642,IGI,28426,FALGUN 2078,NEF,1250000000
643,LGIL,32787,FALGUN 2078,NEF,1250000000
644,NIL,24138,FALGUN 2078,NEF,1250000000
645,NLG,28362,FALGUN 2078,NEF,1250000000
646,PRIN,16780,FALGUN 2078,NEF,1250000000
647,PIC,41173,FALGUN 2078,NEF,1250000000
648,PICL,19504,FALGUN 2078,NEF,1250000000
649,SICL,27791,FALGUN 2078,NEF,1250000000
650,SIL,502,FALGUN 2078,NEF,1250000000
651,UIC,15978,FALGUN 2078,NEF,1250000000
652,HDL,4003,FALGUN 2078,NEF,1250000000
653,SHIVM,2495,FALGUN 2078,NEF,1250000000
654,NTC,3500,FALGUN 2078,NEF,1250000000
655,NRIC,14028,FALGUN 2078,NEF,1250000000
656,OHL,11924,FALGUN 2078,NEF,1250000000
657,CIT,14000,FALGUN 2078,NEF,1250000000
658,ENL,640,FALGUN 2078,NEF,1250000000
659,NRN,31720,FALGUN 2078,NEF,1250000000
660,BBC,2821,FALGUN 2078,NEF,1250000000
661,CMF1,172470,FALGUN 2078,NEF,1250000000
662,NICGF,200000,FALGUN 2078,NEF,1250000000
663,NMB50,300000,FALGUN 2078,NEF,1250000000
664,PSF,205810,FALGUN 2078,NEF,1250000000
665,RMF1,250000,FALGUN 2078,NEF,1250000000
666,SAEF,150000,FALGUN 2078,NEF,1250000000
667,SLCF,190060,FALGUN 2078,NEF,1250000000
668,SEF,239000,FALGUN 2078,NEF,1250000000
669,SBCF,154840,FALGUN 2078,NEF,1250000000
670,SFMF,150000,FALGUN 2078,NEF,1250000000
671,HBL,41088,FALGUN 2078,NIBLPF,750000000
672,MBL,37980,FALGUN 2078,NIBLPF,750000000
673,SBL,39702,FALGUN 2078,NIBLPF,750000000
674,CZBIL,12355,FALGUN 2078,NIBLPF,750000000
675,SANIMA,9110,FALGUN 2078,NIBLPF,750000000
676,NICA,21479,FALGUN 2078,NIBLPF,750000000
677,SBI,39281,FALGUN 2078,NIBLPF,750000000
678,NBB,11768,FALGUN 2078,NIBLPF,750000000
679,NMB,20593,FALGUN 2078,NIBLPF,750000000
680,CCBL,45786,FALGUN 2078,NIBLPF,750000000
681,EBL,16348,FALGUN 2078,NIBLPF,750000000
682,MEGA,45425,FALGUN 2078,NIBLPF,750000000
683,PRVU,67594,FALGUN 2078,NIBLPF,750000000
684,NABIL,17410,FALGUN 2078,NIBLPF,750000000
685,NCCB,23549,FALGUN 2078,NIBLPF,750000000
686,EDBL,1,FALGUN 2078,NIBLPF,750000000
687,KSBBL,12789,FALGUN 2078,NIBLPF,750000000
688,JBBL,220,FALGUN 2078,NIBLPF,750000000
689,SJCL,1000,FALGUN 2078,NIBLPF,750000000
690,RHPC,5000,FALGUN 2078,NIBLPF,750000000
691,MEN,7994,FALGUN 2078,NIBLPF,750000000
692,ENL,518,FALGUN 2078,NIBLPF,750000000
693,NLICL,34385,FALGUN 2078,NIBLPF,750000000
694,LICN,24330,FALGUN 2078,NIBLPF,750000000
695,PLIC,37574,FALGUN 2078,NIBLPF,750000000
696,SLICL,24517,FALGUN 2078,NIBLPF,750000000
697,HGI,5310,FALGUN 2078,NIBLPF,750000000
698,SICL,12089,FALGUN 2078,NIBLPF,750000000
699,PIC,27603,FALGUN 2078,NIBLPF,750000000
700,SIC,3203,FALGUN 2078,NIBLPF,750000000
701,NICL,4658,FALGUN 2078,NIBLPF,750000000
702,NIL,1962,FALGUN 2078,NIBLPF,750000000
703,UIC,8215,FALGUN 2078,NIBLPF,750000000
704,CBBL,24876,FALGUN 2078,NIBLPF,750000000
705,DDBL,26624,FALGUN 2078,NIBLPF,750000000
706,NLBBL,16490,FALGUN 2078,NIBLPF,750000000
707,SMATA,5902,FALGUN 2078,NIBLPF,750000000
708,AKBSL,952,FALGUN 2078,NIBLPF,750000000
709,SAMAJ,156,FALGUN 2078,NIBLPF,750000000
710,GILB,5024,FALGUN 2078,NIBLPF,750000000
711,GBLBS,9448,FALGUN 2078,NIBLPF,750000000
712,LLBS,8287,FALGUN 2078,NIBLPF,750000000
713,NMBMF,7898,FALGUN 2078,NIBLPF,750000000
714,MLBS,295,FALGUN 2078,NIBLPF,750000000
715,NICLBSL,5000,FALGUN 2078,NIBLPF,750000000
716,RULB,793,FALGUN 2078,NIBLPF,750000000
717,JALPA,487,FALGUN 2078,NIBLPF,750000000
718,NIFRA,31301,FALGUN 2078,NIBLPF,750000000
719,CIT,10962,FALGUN 2078,NIBLPF,750000000
720,HDL,5538,FALGUN 2078,NIBLPF,750000000
721,SHIVM,9962,FALGUN 2078,NIBLPF,750000000
722,KEF,150000,FALGUN 2078,NIBLPF,750000000
723,SBCF,494000,FALGUN 2078,NIBLPF,750000000
724,NBF3,16670,FALGUN 2078,NIBLPF,750000000
725,SHL,6000,FALGUN 2078,NIBLPF,750000000
726,NRIC,14747,FALGUN 2078,NIBLPF,750000000
727,PRVU,22479,FALGUN 2078,NIBLSF,365166050
728,SBL,26942,FALGUN 2078,NIBLSF,365166050
729,GBIME,22154,FALGUN 2078,NIBLSF,365166050
730,NABIL,9803,FALGUN 2078,NIBLSF,365166050
731,PCBL,29648,FALGUN 2078,NIBLSF,365166050
732,MBL,25300,FALGUN 2078,NIBLSF,365166050
733,NICA,32342,FALGUN 2078,NIBLSF,365166050
734,MEGA,32550,FALGUN 2078,NIBLSF,365166050
735,NMB,19498,FALGUN 2078,NIBLSF,365166050
736,NBB,6142,FALGUN 2078,NIBLSF,365166050
737,NCCB,6003,FALGUN 2078,NIBLSF,365166050
738,CCBL,5000,FALGUN 2078,NIBLSF,365166050
739,GBBL,14753,FALGUN 2078,NIBLSF,365166050
740,JBBL,220,FALGUN 2078,NIBLSF,365166050
741,KSBBL,14074,FALGUN 2078,NIBLSF,365166050
742,SJCL,14584,FALGUN 2078,NIBLSF,365166050
743,RHPL,18146,FALGUN 2078,NIBLSF,365166050
744,MEN,9260,FALGUN 2078,NIBLSF,365166050
745,ENL,278,FALGUN 2078,NIBLSF,365166050
746,PLIC,4057,FALGUN 2078,NIBLSF,365166050
747,LICN,7602,FALGUN 2078,NIBLSF,365166050
748,SLICL,17049,FALGUN 2078,NIBLSF,365166050
749,NLICL,19735,FALGUN 2078,NIBLSF,365166050
750,NIL,10215,FALGUN 2078,NIBLSF,365166050
751,PIC,10603,FALGUN 2078,NIBLSF,365166050
752,HGI,10665,FALGUN 2078,NIBLSF,365166050
753,CBBL,9364,FALGUN 2078,NIBLSF,365166050
754,DDBL,10082,FALGUN 2078,NIBLSF,365166050
755,AKBSL,714,FALGUN 2078,NIBLSF,365166050
756,SAMAJ,120,FALGUN 2078,NIBLSF,365166050
757,MERO,2214,FALGUN 2078,NIBLSF,365166050
758,GBLBS,5525,FALGUN 2078,NIBLSF,365166050
759,NLBBL,3523,FALGUN 2078,NIBLSF,365166050
760,NUBLPO,21106,FALGUN 2078,NIBLSF,365166050
761,MLBS,127,FALGUN 2078,NIBLSF,365166050
762,RULB,425,FALGUN 2078,NIBLSF,365166050
763,JALPA,261,FALGUN 2078,NIBLSF,365166050
764,SHL,10000,FALGUN 2078,NIBLSF,365166050
765,NIFRA,8030,FALGUN 2078,NIBLSF,365166050
766,CIT,673,FALGUN 2078,NIBLSF,365166050
767,NRIC,6014,FALGUN 2078,NIBLSF,365166050
768,SHIVM,1500,FALGUN 2078,NIBLSF,365166050
769,NABIL,20085,FALGUN 2078,NIBSF2,1500000000
770,NICA,53433,FALGUN 2078,NIBSF2,1500000000
771,NCCB,26200,FALGUN 2078,NIBSF2,1500000000
772,NBB,22252,FALGUN 2078,NIBSF2,1500000000
773,PRVU,30059,FALGUN 2078,NIBSF2,1500000000
774,PCBL,42393,FALGUN 2078,NIBSF2,1500000000
775,NBL,19722,FALGUN 2078,NIBSF2,1500000000
776,SCB,14374,FALGUN 2078,NIBSF2,1500000000
777,MBL,44346,FALGUN 2078,NIBSF2,1500000000
778,GBIME,17820,FALGUN 2078,NIBSF2,1500000000
779,CCBL,36725,FALGUN 2078,NIBSF2,1500000000
780,SBL,29433,FALGUN 2078,NIBSF2,1500000000
781,NMB,22606,FALGUN 2078,NIBSF2,1500000000
782,MEGA,20058,FALGUN 2078,NIBSF2,1500000000
783,MLBL,9540,FALGUN 2078,NIBSF2,1500000000
784,KSBBL,18221,FALGUN 2078,NIBSF2,1500000000
785,GBBL,15138,FALGUN 2078,NIBSF2,1500000000
786,MNBBL,21248,FALGUN 2078,NIBSF2,1500000000
787,SJCL,23475,FALGUN 2078,NIBSF2,1500000000
788,RHPL,33159,FALGUN 2078,NIBSF2,1500000000
789,SHPC,5571,FALGUN 2078,NIBSF2,1500000000
790,RHPC,5000,FALGUN 2078,NIBSF2,1500000000
791,MEN,13260,FALGUN 2078,NIBSF2,1500000000
792,ENL,1056,FALGUN 2078,NIBSF2,1500000000
793,SLICL,28122,FALGUN 2078,NIBSF2,1500000000
794,PLIC,18351,FALGUN 2078,NIBSF2,1500000000
795,NLIC,16349,FALGUN 2078,NIBSF2,1500000000
796,NLICL,30991,FALGUN 2078,NIBSF2,1500000000
797,LICN,15455,FALGUN 2078,NIBSF2,1500000000
798,PIC,25750,FALGUN 2078,NIBSF2,1500000000
799,SICL,26802,FALGUN 2078,NIBSF2,1500000000
800,PICL,8880,FALGUN 2078,NIBSF2,1500000000
801,NIL,22526,FALGUN 2078,NIBSF2,1500000000
802,PRIN,16755,FALGUN 2078,NIBSF2,1500000000
803,UIC,10000,FALGUN 2078,NIBSF2,1500000000
804,HGI,11733,FALGUN 2078,NIBSF2,1500000000
805,NMBMF,10341,FALGUN 2078,NIBSF2,1500000000
806,FOWAD,9628,FALGUN 2078,NIBSF2,1500000000
807,DDBL,17182,FALGUN 2078,NIBSF2,1500000000
808,SABSL,5111,FALGUN 2078,NIBSF2,1500000000
809,GILB,17487,FALGUN 2078,NIBSF2,1500000000
810,MERO,17997,FALGUN 2078,NIBSF2,1500000000
811,NUBLPO,99356,FALGUN 2078,NIBSF2,1500000000
812,VLBS,8214,FALGUN 2078,NIBSF2,1500000000
813,SWBBL,10553,FALGUN 2078,NIBSF2,1500000000
814,LLBS,4369,FALGUN 2078,NIBSF2,1500000000
815,SLBBL,10000,FALGUN 2078,NIBSF2,1500000000
816,SKBBL,10000,FALGUN 2078,NIBSF2,1500000000
817,MLBS,591,FALGUN 2078,NIBSF2,1500000000
818,SHL,12482,FALGUN 2078,NIBSF2,1500000000
819,SMATA,3253,FALGUN 2078,NIBSF2,1500000000
820,NICLBSL,4500,FALGUN 2078,NIBSF2,1500000000
821,RULB,1605,FALGUN 2078,NIBSF2,1500000000
822,JALPA,992,FALGUN 2078,NIBSF2,1500000000
823,SHL,19800,FALGUN 2078,NIBSF2,1500000000
824,CIT,3947,FALGUN 2078,NIBSF2,1500000000
825,NBF2,16670,FALGUN 2078,NIBSF2,1500000000
826,PSF,1468090,FALGUN 2078,NIBSF2,1500000000
827,SHIVM,32723,FALGUN 2078,NIBSF2,1500000000
828,HDL,3925,FALGUN 2078,NIBSF2,1500000000
829,NRIC,15835,FALGUN 2078,NIBSF2,1500000000
830,ADBL,60942,FALGUN 2078,NICBF,755000000
831,NBL,113652,FALGUN 2078,NICBF,755000000
832,PRVU,53936,FALGUN 2078,NICBF,755000000
833,NBB,18265,FALGUN 2078,NICBF,755000000
834,NABIL,47919,FALGUN 2078,NICBF,755000000
835,SANIMA,23278,FALGUN 2078,NICBF,755000000
836,NMB,30045,FALGUN 2078,NICBF,755000000
837,MBL,39800,FALGUN 2078,NICBF,755000000
838,PCBL,38214,FALGUN 2078,NICBF,755000000
839,HBL,11835,FALGUN 2078,NICBF,755000000
840,SBL,7099,FALGUN 2078,NICBF,755000000
841,SRBL,15998,FALGUN 2078,NICBF,755000000
842,BOKL,32833,FALGUN 2078,NICBF,755000000
843,MEGA,15991,FALGUN 2078,NICBF,755000000
844,CCBL,43111,FALGUN 2078,NICBF,755000000
845,SBI,26461,FALGUN 2078,NICBF,755000000
846,LBL,6717,FALGUN 2078,NICBF,755000000
847,NIBPO,22138,FALGUN 2078,NICBF,755000000
848,CZBIL,14859,FALGUN 2078,NICBF,755000000
849,EBL,1575,FALGUN 2078,NICBF,755000000
850,KBL,15456,FALGUN 2078,NICBF,755000000
851,GBIME,31447,FALGUN 2078,NICBF,755000000
852,GBBL,31536,FALGUN 2078,NICBF,755000000
853,MNBBL,43037,FALGUN 2078,NICBF,755000000
854,KSBBL,25878,FALGUN 2078,NICBF,755000000
855,SADBL,14924,FALGUN 2078,NICBF,755000000
856,JBBL,16372,FALGUN 2078,NICBF,755000000
857,MLBL,24299,FALGUN 2078,NICBF,755000000
858,LBBL,29012,FALGUN 2078,NICBF,755000000
859,SHINE,5502,FALGUN 2078,NICBF,755000000
860,CHCL,8797,FALGUN 2078,NICBF,755000000
861,BPCL,9248,FALGUN 2078,NICBF,755000000
862,UMRH,1000,FALGUN 2078,NICBF,755000000
863,NYADI,800,FALGUN 2078,NICBF,755000000
864,MBJC,5000,FALGUN 2078,NICBF,755000000
865,BNHC,220,FALGUN 2078,NICBF,755000000
866,NLIC,14905,FALGUN 2078,NICBF,755000000
867,SLICL,12939,FALGUN 2078,NICBF,755000000
868,NLICL,13136,FALGUN 2078,NICBF,755000000
869,PLIC,9796,FALGUN 2078,NICBF,755000000
870,RLI,5040,FALGUN 2078,NICBF,755000000
871,ALICL,9764,FALGUN 2078,NICBF,755000000
872,GLICL,1995,FALGUN 2078,NICBF,755000000
873,JLI,7570,FALGUN 2078,NICBF,755000000
874,ULI,4435,FALGUN 2078,NICBF,755000000
875,SLI,4086,FALGUN 2078,NICBF,755000000
876,NIL,15908,FALGUN 2078,NICBF,755000000
877,SIL,5246,FALGUN 2078,NICBF,755000000
878,SGI,1797,FALGUN 2078,NICBF,755000000
879,HGI,5932,FALGUN 2078,NICBF,755000000
880,PICL,1199,FALGUN 2078,NICBF,755000000
881,PRIN,500,FALGUN 2078,NICBF,755000000
882,NLG,6050,FALGUN 2078,NICBF,755000000
883,LGIL,4525,FALGUN 2078,NICBF,755000000
884,PIC,710,FALGUN 2078,NICBF,755000000
885,SICL,278,FALGUN 2078,NICBF,755000000
886,RMDC,9162,FALGUN 2078,NICBF,755000000
887,NUBL,10039,FALGUN 2078,NICBF,755000000
888,SWBBL,13433,FALGUN 2078,NICBF,755000000
889,CBBL,18521,FALGUN 2078,NICBF,755000000
890,DDBL,6868,FALGUN 2078,NICBF,755000000
891,RSDC,9874,FALGUN 2078,NICBF,755000000
892,FMDBL,9029,FALGUN 2078,NICBF,755000000
893,SKBBL,7014,FALGUN 2078,NICBF,755000000
894,SAMAJ,195,FALGUN 2078,NICBF,755000000
895,NMBMF,3840,FALGUN 2078,NICBF,755000000
896,MLBSL,1059,FALGUN 2078,NICBF,755000000
897,JBLB,2605,FALGUN 2078,NICBF,755000000
898,MLBS,281,FALGUN 2078,NICBF,755000000
899,MKLB,400,FALGUN 2078,NICBF,755000000
900,JALPA,348,FALGUN 2078,NICBF,755000000
901,RULB,567,FALGUN 2078,NICBF,755000000
902,SFMF,150000,FALGUN 2078,NICBF,755000000
903,KEF,700000,FALGUN 2078,NICBF,755000000
904,PSF,1468090,FALGUN 2078,NICBF,755000000
905,RMF1,500000,FALGUN 2078,NICBF,755000000
906,NTC,2325,FALGUN 2078,NICBF,755000000
907,CIT,427,FALGUN 2078,NICBF,755000000
908,ENL,370,FALGUN 2078,NICBF,755000000
909,CHDC,4197,FALGUN 2078,NICBF,755000000
910,NMB,44000,FALGUN 2078,NICGF,835200000
911,KBL,36113,FALGUN 2078,NICGF,835200000
912,ADBL,70201,FALGUN 2078,NICGF,835200000
913,GBIME,57201,FALGUN 2078,NICGF,835200000
914,NIBPO,47068,FALGUN 2078,NICGF,835200000
915,SBI,33001,FALGUN 2078,NICGF,835200000
916,NBL,106589,FALGUN 2078,NICGF,835200000
917,NBB,12012,FALGUN 2078,NICGF,835200000
918,NABIL,47081,FALGUN 2078,NICGF,835200000
919,PCBL,80621,FALGUN 2078,NICGF,835200000
920,BOKL,36851,FALGUN 2078,NICGF,835200000
921,MBL,47211,FALGUN 2078,NICGF,835200000
922,CCBL,48331,FALGUN 2078,NICGF,835200000
923,CZBIL,26889,FALGUN 2078,NICGF,835200000
924,SCB,22750,FALGUN 2078,NICGF,835200000
925,SBL,26849,FALGUN 2078,NICGF,835200000
926,SANIMA,61569,FALGUN 2078,NICGF,835200000
927,SRBL,34041,FALGUN 2078,NICGF,835200000
928,CBL,31503,FALGUN 2078,NICGF,835200000
929,HBL,10719,FALGUN 2078,NICGF,835200000
930,PRVU,44800,FALGUN 2078,NICGF,835200000
931,MEGA,21449,FALGUN 2078,NICGF,835200000
932,KSBBL,58235,FALGUN 2078,NICGF,835200000
933,GBBL,30620,FALGUN 2078,NICGF,835200000
934,MNBBL,71216,FALGUN 2078,NICGF,835200000
935,SHINE,40413,FALGUN 2078,NICGF,835200000
936,SADBL,58202,FALGUN 2078,NICGF,835200000
937,MLBL,13249,FALGUN 2078,NICGF,835200000
938,LBBL,10057,FALGUN 2078,NICGF,835200000
939,CHCL,25800,FALGUN 2078,NICGF,835200000
940,BPCL,7458,FALGUN 2078,NICGF,835200000
941,HURJA,4,FALGUN 2078,NICGF,835200000
942,RHPL,4832,FALGUN 2078,NICGF,835200000
943,SHEL,1700,FALGUN 2078,NICGF,835200000
944,NYADI,700,FALGUN 2078,NICGF,835200000
945,MBJC,3900,FALGUN 2078,NICGF,835200000
946,BNHC,300,FALGUN 2078,NICGF,835200000
947,RURU,8,FALGUN 2078,NICGF,835200000
948,CBBL,18215,FALGUN 2078,NICGF,835200000
949,DDBL,7330,FALGUN 2078,NICGF,835200000
950,NUBL,17100,FALGUN 2078,NICGF,835200000
951,RMDC,6852,FALGUN 2078,NICGF,835200000
952,SKBBL,19865,FALGUN 2078,NICGF,835200000
953,GILB,5,FALGUN 2078,NICGF,835200000
954,SWBBL,10677,FALGUN 2078,NICGF,835200000
955,RSDC,9322,FALGUN 2078,NICGF,835200000
956,FMDBL,8900,FALGUN 2078,NICGF,835200000
957,SAMAJ,195,FALGUN 2078,NICGF,835200000
958,NMBMF,4000,FALGUN 2078,NICGF,835200000
959,MLBSL,874,FALGUN 2078,NICGF,835200000
960,JBLB,2000,FALGUN 2078,NICGF,835200000
961,MKLB,400,FALGUN 2078,NICGF,835200000
962,MLBS,281,FALGUN 2078,NICGF,835200000
963,JALPA,348,FALGUN 2078,NICGF,835200000
964,RUBL,567,FALGUN 2078,NICGF,835200000
965,ALICL,11750,FALGUN 2078,NICGF,835200000
966,PLIC,13501,FALGUN 2078,NICGF,835200000
967,NLIC,12727,FALGUN 2078,NICGF,835200000
968,NLICL,18734,FALGUN 2078,NICGF,835200000
969,RLI,3193,FALGUN 2078,NICGF,835200000
970,PLI,2909,FALGUN 2078,NICGF,835200000
971,GLICL,3012,FALGUN 2078,NICGF,835200000
972,JLI,7031,FALGUN 2078,NICGF,835200000
973,ULI,2500,FALGUN 2078,NICGF,835200000
974,SLI,3786,FALGUN 2078,NICGF,835200000
975,NLG,14623,FALGUN 2078,NICGF,835200000
976,NIL,12476,FALGUN 2078,NICGF,835200000
977,PICL,8600,FALGUN 2078,NICGF,835200000
978,PRIN,4400,FALGUN 2078,NICGF,835200000
979,LGIL,12839,FALGUN 2078,NICGF,835200000
980,SICL,5946,FALGUN 2078,NICGF,835200000
981,SIC,7215,FALGUN 2078,NICGF,835200000
982,SIL,14000,FALGUN 2078,NICGF,835200000
983,AIL,8,FALGUN 2078,NICGF,835200000
984,SGI,3000,FALGUN 2078,NICGF,835200000
985,HGI,5135,FALGUN 2078,NICGF,835200000
986,NBF2,250000,FALGUN 2078,NICGF,835200000
987,CMF2,500000,FALGUN 2078,NICGF,835200000
988,SFMF,150000,FALGUN 2078,NICGF,835200000
989,SLCF,100000,FALGUN 2078,NICGF,835200000
990,KEF,1000000,FALGUN 2078,NICGF,835200000
991,PSF,1468090,FALGUN 2078,NICGF,835200000
992,RMF1,500000,FALGUN 2078,NICGF,835200000
993,NTC,4780,FALGUN 2078,NICGF,835200000
994,CIT,937,FALGUN 2078,NICGF,835200000
995,CHDC,4197,FALGUN 2078,NICGF,835200000
996,ENL,370,FALGUN 2078,NICGF,835200000
997,ADBL,26026,FALGUN 2078,NICSF,1250000000
998,NBL,29900,FALGUN 2078,NICSF,1250000000
999,PRVU,29687,FALGUN 2078,NICSF,1250000000
1000,SANIMA,27567,FALGUN 2078,NICSF,1250000000
1001,MBL,33628,FALGUN 2078,NICSF,1250000000
1002,PCBL,17715,FALGUN 2078,NICSF,1250000000
1003,CZBIL,33260,FALGUN 2078,NICSF,1250000000
1004,EBL,3499,FALGUN 2078,NICSF,1250000000
1005,GBBL,14370,FALGUN 2078,NICSF,1250000000
1006,MLBL,15800,FALGUN 2078,NICSF,1250000000
1007,LGIL,24131,FALGUN 2078,NICSF,1250000000
1008,PIC,16728,FALGUN 2078,NICSF,1250000000
1009,PRIN,25419,FALGUN 2078,NICSF,1250000000
1010,SIL,19860,FALGUN 2078,NICSF,1250000000
1011,NLICL,24664,FALGUN 2078,NICSF,1250000000
1012,PLIC,25235,FALGUN 2078,NICSF,1250000000
1013,SLICL,26671,FALGUN 2078,NICSF,1250000000
1014,ULI,8500,FALGUN 2078,NICSF,1250000000
1015,SLI,7457,FALGUN 2078,NICSF,1250000000
1016,MKJC,915,FALGUN 2078,NICSF,1250000000
1017,TPC,1000,FALGUN 2078,NICSF,1250000000
1018,SAHAS,8167,FALGUN 2078,NICSF,1250000000
1019,SPC,852,FALGUN 2078,NICSF,1250000000
1020,NYADI,2625,FALGUN 2078,NICSF,1250000000
1021,MBJC,10500,FALGUN 2078,NICSF,1250000000
1022,BNHC,934,FALGUN 2078,NICSF,1250000000
1023,MLBS,489,FALGUN 2078,NICSF,1250000000
1024,MERO,1493,FALGUN 2078,NICSF,1250000000
1025,FMDBL,6073,FALGUN 2078,NICSF,1250000000
1026,NUBL,9799,FALGUN 2078,NICSF,1250000000
1027,JALPA,522,FALGUN 2078,NICSF,1250000000
1028,RULB,850,FALGUN 2078,NICSF,1250000000
1029,ENL,556,FALGUN 2078,NICSF,1250000000
1030,ADBL,116227,FALGUN 2078,NMB50,1250000000
1031,GBIME,120611,FALGUN 2078,NMB50,1250000000
1032,HBL,19246,FALGUN 2078,NMB50,1250000000
1033,LBL,72875,FALGUN 2078,NMB50,1250000000
1034,MBL,264732,FALGUN 2078,NMB50,1250000000
1035,NABIL,5341,FALGUN 2078,NMB50,1250000000
1036,NBL,7389,FALGUN 2078,NMB50,1250000000
1037,NBB,31121,FALGUN 2078,NMB50,1250000000
1038,NICA,11405,FALGUN 2078,NMB50,1250000000
1039,PRVU,124577,FALGUN 2078,NMB50,1250000000
1040,PCBL,170397,FALGUN 2078,NMB50,1250000000
1041,SANIMA,188928,FALGUN 2078,NMB50,1250000000
1042,SBL,205720,FALGUN 2078,NMB50,1250000000
1043,SRBL,109920,FALGUN 2078,NMB50,1250000000
1044,GBBL,66266,FALGUN 2078,NMB50,1250000000
1045,JBBL,43297,FALGUN 2078,NMB50,1250000000
1046,MNBBL,80114,FALGUN 2078,NMB50,1250000000
1047,MDB,24226,FALGUN 2078,NMB50,1250000000
1048,SHINE,20749,FALGUN 2078,NMB50,1250000000
1049,CBBL,24046,FALGUN 2078,NMB50,1250000000
1050,GMFBS,12956,FALGUN 2078,NMB50,1250000000
1051,GILB,22816,FALGUN 2078,NMB50,1250000000
1052,JALPA,776,FALGUN 2078,NMB50,1250000000
1053,JBLB,1745,FALGUN 2078,NMB50,1250000000
1054,MLBS,781,FALGUN 2078,NMB50,1250000000
1055,MMFDB,19694,FALGUN 2078,NMB50,1250000000
1056,NUBL,2,FALGUN 2078,NMB50,1250000000
1057,NMFBS,18065,FALGUN 2078,NMB50,1250000000
1058,RULB,1265,FALGUN 2078,NMB50,1250000000
1059,SAMAJ,217,FALGUN 2078,NMB50,1250000000
1060,SMFBS,7394,FALGUN 2078,NMB50,1250000000
1061,USLB,13524,FALGUN 2078,NMB50,1250000000
1062,VLBS,4712,FALGUN 2078,NMB50,1250000000
1063,WOMI,9069,FALGUN 2078,NMB50,1250000000
1064,NICL,11557,FALGUN 2078,NMB50,1250000000
1065,NIL,38198,FALGUN 2078,NMB50,1250000000
1066,PIC,43738,FALGUN 2078,NMB50,1250000000
1067,SIC,23351,FALGUN 2078,NMB50,1250000000
1068,SIL,13761,FALGUN 2078,NMB50,1250000000
1069,LICN,10559,FALGUN 2078,NMB50,1250000000
1070,NLICL,26105,FALGUN 2078,NMB50,1250000000
1071,SLICL,51237,FALGUN 2078,NMB50,1250000000
1072,ULI,21153,FALGUN 2078,NMB50,1250000000
1073,AKPL,15593,FALGUN 2078,NMB50,1250000000
1074,SPDL,10000,FALGUN 2078,NMB50,1250000000
1075,UNL,1657,FALGUN 2078,NMB50,1250000000
1076,OHL,7269,FALGUN 2078,NMB50,1250000000
1077,ENL,826,FALGUN 2078,NMB50,1250000000
1078,NRIC,34896,FALGUN 2078,NMB50,1250000000
1079,NTC,1348,FALGUN 2078,NMB50,1250000000
1080,ADBLD83,26146,FALGUN 2078,NMB50,1250000000
1081,GBILD86/87,10000,FALGUN 2078,NMB50,1250000000
1082,KBLD86,2500,FALGUN 2078,NMB50,1250000000
1083,NCCD86,22458,FALGUN 2078,NMB50,1250000000
1084,NBLD87,9756,FALGUN 2078,NMB50,1250000000
1085,NICAD8283,30000,FALGUN 2078,NMB50,1250000000
1086,PRVUD87,2500,FALGUN 2078,NMB50,1250000000
1087,RBBD83,3643,FALGUN 2078,NMB50,1250000000
1088,SRBLD83,5000,FALGUN 2078,NMB50,1250000000
1089,SRBLD80,45,FALGUN 2078,NMB50,1250000000
1090,NIBD2082,25000,FALGUN 2078,NMB50,1250000000
1091,SAND2085,25000,FALGUN 2078,NMB50,1250000000
1092,SBD87,1000,FALGUN 2078,NMB50,1250000000
1093,ADBL,62512,FALGUN 2078,NMBHF1,1000000000
1094,CZBIL,37027,FALGUN 2078,NMBHF1,1000000000
1095,EBL,37147,FALGUN 2078,NMBHF1,1000000000
1096,GBIME,76881,FALGUN 2078,NMBHF1,1000000000
1097,HBL,15700,FALGUN 2078,NMBHF1,1000000000
1098,MBL,82464,FALGUN 2078,NMBHF1,1000000000
1099,NABIL,5501,FALGUN 2078,NMBHF1,1000000000
1100,NBB,46939,FALGUN 2078,NMBHF1,1000000000
1101,NIBPO,50614,FALGUN 2078,NMBHF1,1000000000
1102,SBI,26269,FALGUN 2078,NMBHF1,1000000000
1103,NICA,33796,FALGUN 2078,NMBHF1,1000000000
1104,PRVU,79845,FALGUN 2078,NMBHF1,1000000000
1105,PCBL,69905,FALGUN 2078,NMBHF1,1000000000
1106,SANIMA,73505,FALGUN 2078,NMBHF1,1000000000
1107,SBL,70643,FALGUN 2078,NMBHF1,1000000000
1108,SRBL,49632,FALGUN 2078,NMBHF1,1000000000
1109,GBBL,40283,FALGUN 2078,NMBHF1,1000000000
1110,EDBL,4646,FALGUN 2078,NMBHF1,1000000000
1111,MDB,6718,FALGUN 2078,NMBHF1,1000000000
1112,MNBBL,57618,FALGUN 2078,NMBHF1,1000000000
1113,SHINE,38002,FALGUN 2078,NMBHF1,1000000000
1114,AKBSL,1143,FALGUN 2078,NMBHF1,1000000000
1115,CBBL,21977,FALGUN 2078,NMBHF1,1000000000
1116,DDBL,11894,FALGUN 2078,NMBHF1,1000000000
1117,JALPA,622,FALGUN 2078,NMBHF1,1000000000
1118,LLBS,10693,FALGUN 2078,NMBHF1,1000000000
1119,JBLB,2080,FALGUN 2078,NMBHF1,1000000000
1120,MLBS,625,FALGUN 2078,NMBHF1,1000000000
1121,NMFBS,6974,FALGUN 2078,NMBHF1,1000000000
1122,NLBBL,7695,FALGUN 2078,NMBHF1,1000000000
1123,RULB,1012,FALGUN 2078,NMBHF1,1000000000
1124,SAMAJ,174,FALGUN 2078,NMBHF1,1000000000
1125,SKBBL,15310,FALGUN 2078,NMBHF1,1000000000
1126,SLBBL,13747,FALGUN 2078,NMBHF1,1000000000
1127,SWBBL,9862,FALGUN 2078,NMBHF1,1000000000
1128,LICN,4145,FALGUN 2078,NMBHF1,1000000000
1129,NLICL,11605,FALGUN 2078,NMBHF1,1000000000
1130,PLIC,9902,FALGUN 2078,NMBHF1,1000000000
1131,SLICL,17438,FALGUN 2078,NMBHF1,1000000000
1132,ULI,16241,FALGUN 2078,NMBHF1,1000000000
1133,NIL,20043,FALGUN 2078,NMBHF1,1000000000
1134,NLG,15025,FALGUN 2078,NMBHF1,1000000000
1135,PRIN,7083,FALGUN 2078,NMBHF1,1000000000
1136,PIC,11282,FALGUN 2078,NMBHF1,1000000000
1137,SIC,18340,FALGUN 2078,NMBHF1,1000000000
1138,SIL,9066,FALGUN 2078,NMBHF1,1000000000
1139,BNT,702,FALGUN 2078,NMBHF1,1000000000
1140,CMF2,250000,FALGUN 2078,NMBHF1,1000000000
1141,NBF2,304800,FALGUN 2078,NMBHF1,1000000000
1142,TRH,23381,FALGUN 2078,NMBHF1,1000000000
1143,ENL,662,FALGUN 2078,NMBHF1,1000000000
1144,NRIC,2500,FALGUN 2078,NMBHF1,1000000000
1145,NTC,2780,FALGUN 2078,NMBHF1,1000000000
1146,NIBLSF,200000,FALGUN 2078,NMBHF1,1000000000
1147,ADBLD83,18794,FALGUN 2078,NMBHF1,1000000000
1148,HBLD83,10000,FALGUN 2078,NMBHF1,1000000000
1149,LBLD86,20970,FALGUN 2078,NMBHF1,1000000000
1150,MBLD85,49902,FALGUN 2078,NMBHF1,1000000000
1151,NCCD86,15383,FALGUN 2078,NMBHF1,1000000000
1152,NBBD85,50000,FALGUN 2078,NMBHF1,1000000000
1153,NBLD87,4878,FALGUN 2078,NMBHF1,1000000000
1154,SBID86,5944,FALGUN 2078,NMBHF1,1000000000
1155,NICAD8182,50000,FALGUN 2078,NMBHF1,1000000000
1156,NICAD8283,30000,FALGUN 2078,NMBHF1,1000000000
1157,PRVUD84,28893,FALGUN 2078,NMBHF1,1000000000
1158,SAND2085,33126,FALGUN 2078,NMBHF1,1000000000
1159,NBLD82,25225,FALGUN 2078,NMBHF1,1000000000
1160,SRBLD83,9120,FALGUN 2078,NMBHF1,1000000000
1161,SRBLD80,3883,FALGUN 2078,NMBHF1,1000000000
1162,RBBD83,10927,FALGUN 2078,NMBHF1,1000000000
1163,CBL,260018,FALGUN 2078,PSF,1250000000
1164,CCBL,15636,FALGUN 2078,PSF,1250000000
1165,KBL,122001,FALGUN 2078,PSF,1250000000
1166,NBL,29002,FALGUN 2078,PSF,1250000000
1167,PCBL,10901,FALGUN 2078,PSF,1250000000
1168,NICA,195784,FALGUN 2078,PSF,1250000000
1169,SRBL,147087,FALGUN 2078,PSF,1250000000
1170,JBBL,49096,FALGUN 2078,PSF,1250000000
1171,MLBL,13157,FALGUN 2078,PSF,1250000000
1172,RLFL,39495,FALGUN 2078,PSF,1250000000
1173,AHPC,10880,FALGUN 2078,PSF,1250000000
1174,BARUN,11774,FALGUN 2078,PSF,1250000000
1175,RHPC,1000,FALGUN 2078,PSF,1250000000
1176,SAHAS,14715,FALGUN 2078,PSF,1250000000
1177,SPDL,17850,FALGUN 2078,PSF,1250000000
1178,UMHL,44850,FALGUN 2078,PSF,1250000000
1179,LGIL,15316,FALGUN 2078,PSF,1250000000
1180,NICL,12479,FALGUN 2078,PSF,1250000000
1181,NLG,33046,FALGUN 2078,PSF,1250000000
1182,PRIN,56020,FALGUN 2078,PSF,1250000000
1183,JALPA,1740,FALGUN 2078,PSF,1250000000
1184,RMDC,1542,FALGUN 2078,PSF,1250000000
1185,RULB,2833,FALGUN 2078,PSF,1250000000
1186,SLBBL,388,FALGUN 2078,PSF,1250000000
1187,NICSF,4930605,FALGUN 2078,PSF,1250000000
1188,RMF1,3992087,FALGUN 2078,PSF,1250000000
1189,NLICL,13541,FALGUN 2078,PSF,1250000000
1190,CHDC,31575,FALGUN 2078,PSF,1250000000
1191,ENL,1852,FALGUN 2078,PSF,1250000000
1192,SHIVM,16412,FALGUN 2078,PSF,1250000000
1193,NRIC,5848,FALGUN 2078,PSF,1250000000
1194,ADBL,800,FALGUN 2078,RMF1,1250000000
1195,GBIME,63470,FALGUN 2078,RMF1,1250000000
1196,MBL,54286,FALGUN 2078,RMF1,1250000000
1197,MEGA,31900,FALGUN 2078,RMF1,1250000000
1198,NBL,34200,FALGUN 2078,RMF1,1250000000
1199,NMB,64570,FALGUN 2078,RMF1,1250000000
1200,PCBL,31218,FALGUN 2078,RMF1,1250000000
1201,PRVU,44800,FALGUN 2078,RMF1,1250000000
1202,SANIMA,60255,FALGUN 2078,RMF1,1250000000
1203,SBL,107395,FALGUN 2078,RMF1,1250000000
1204,GBBL,18760,FALGUN 2078,RMF1,1250000000
1205,MNBBL,23515,FALGUN 2078,RMF1,1250000000
1206,CHCL,24040,FALGUN 2078,RMF1,1250000000
1207,SAHAS,18600,FALGUN 2078,RMF1,1250000000
1208,UPPER,10534,FALGUN 2078,RMF1,1250000000
1209,LICN,4010,FALGUN 2078,RMF1,1250000000
1210,NLIC,12800,FALGUN 2078,RMF1,1250000000
1211,NLICL,16441,FALGUN 2078,RMF1,1250000000
1212,RLI,24000,FALGUN 2078,RMF1,1250000000
1213,SLI,21429,FALGUN 2078,RMF1,1250000000
1214,SHIVM,8961,FALGUN 2078,RMF1,1250000000
1215,CBBL,17628,FALGUN 2078,RMF1,1250000000
1216,FOWAD,343,FALGUN 2078,RMF1,1250000000
1217,GILB,1110,FALGUN 2078,RMF1,1250000000
1218,JALPA,1740,FALGUN 2078,RMF1,1250000000
1219,NICLBSL,8500,FALGUN 2078,RMF1,1250000000
1220,NUBL,13920,FALGUN 2078,RMF1,1250000000
1221,RULB,2833,FALGUN 2078,RMF1,1250000000
1222,SKBBL,10199,FALGUN 2078,RMF1,1250000000
1223,SLBBL,11527,FALGUN 2078,RMF1,1250000000
1224,MMF1,134030,FALGUN 2078,RMF1,1250000000
1225,PSF,39900,FALGUN 2078,RMF1,1250000000
1226,SIGS2,1000000,FALGUN 2078,RMF1,1250000000
1227,NIL,15270,FALGUN 2078,RMF1,1250000000
1228,SIC,6188,FALGUN 2078,RMF1,1250000000
1229,SICL,5627,FALGUN 2078,RMF1,1250000000
1230,ENL,1852,FALGUN 2078,RMF1,1250000000
1231,NRIC,3000,FALGUN 2078,RMF1,1250000000
1232,ADBL,17800,FALGUN 2078,SAEF,1300000000
1233,BOKL,5000,FALGUN 2078,SAEF,1300000000
1234,CCBL,127175,FALGUN 2078,SAEF,1300000000
1235,CZBIL,80806,FALGUN 2078,SAEF,1300000000
1236,CBL,11905,FALGUN 2078,SAEF,1300000000
1237,EBL,7695,FALGUN 2078,SAEF,1300000000
1238,GBIME,58089,FALGUN 2078,SAEF,1300000000
1239,KBL,81738,FALGUN 2078,SAEF,1300000000
1240,LBL,34111,FALGUN 2078,SAEF,1300000000
1241,MBL,93686,FALGUN 2078,SAEF,1300000000
1242,MEGA,113201,FALGUN 2078,SAEF,1300000000
1243,NABIL,54827,FALGUN 2078,SAEF,1300000000
1244,NBB,36603,FALGUN 2078,SAEF,1300000000
1245,NBL,200640,FALGUN 2078,SAEF,1300000000
1246,NIBPO,141876,FALGUN 2078,SAEF,1300000000
1247,NIB,3136,FALGUN 2078,SAEF,1300000000
1248,NICA,153279,FALGUN 2078,SAEF,1300000000
1249,NMB,59031,FALGUN 2078,SAEF,1300000000
1250,PRVU,105080,FALGUN 2078,SAEF,1300000000
1251,PCBL,147316,FALGUN 2078,SAEF,1300000000
1252,SBL,94828,FALGUN 2078,SAEF,1300000000
1253,SRBL,62535,FALGUN 2078,SAEF,1300000000
1254,EDBL,31886,FALGUN 2078,SAEF,1300000000
1255,GBBL,67183,FALGUN 2078,SAEF,1300000000
1256,JBBL,5500,FALGUN 2078,SAEF,1300000000
1257,LBBL,5650,FALGUN 2078,SAEF,1300000000
1258,MLBL,14083,FALGUN 2078,SAEF,1300000000
1259,MDB,6353,FALGUN 2078,SAEF,1300000000
1260,MNBBL,67424,FALGUN 2078,SAEF,1300000000
1261,SHINE,45482,FALGUN 2078,SAEF,1300000000
1262,ACLBSL,1,FALGUN 2078,SAEF,1300000000
1263,ALBSL,2500,FALGUN 2078,SAEF,1300000000
1264,CBBL,21305,FALGUN 2078,SAEF,1300000000
1265,FMDBL,24563,FALGUN 2078,SAEF,1300000000
1266,FOWAD,8590,FALGUN 2078,SAEF,1300000000
1267,GILB,4632,FALGUN 2078,SAEF,1300000000
1268,JSLBB,271,FALGUN 2078,SAEF,1300000000
1269,JBLB,3542,FALGUN 2078,SAEF,1300000000
1270,KMCDB,127,FALGUN 2078,SAEF,1300000000
1271,MLBSL,1809,FALGUN 2078,SAEF,1300000000
1272,MLBS,3,FALGUN 2078,SAEF,1300000000
1273,NADEP,1927,FALGUN 2078,SAEF,1300000000
1274,NLBBL,1,FALGUN 2078,SAEF,1300000000
1275,NICLBSL,4950,FALGUN 2078,SAEF,1300000000
1276,NUBL,9975,FALGUN 2078,SAEF,1300000000
1277,NMBMF,3500,FALGUN 2078,SAEF,1300000000
1278,RULB,1133,FALGUN 2078,SAEF,1300000000
1279,RMDC,33400,FALGUN 2078,SAEF,1300000000
1280,SABSL,1841,FALGUN 2078,SAEF,1300000000
1281,SDLBSL,2950,FALGUN 2078,SAEF,1300000000
1282,SKBBL,45264,FALGUN 2078,SAEF,1300000000
1283,SWBBL,10525,FALGUN 2078,SAEF,1300000000
1284,SLBBL,2371,FALGUN 2078,SAEF,1300000000
1285,USLB,1560,FALGUN 2078,SAEF,1300000000
1286,LICN,15348,FALGUN 2078,SAEF,1300000000
1287,NLICL,26000,FALGUN 2078,SAEF,1300000000
1288,NLIC,6500,FALGUN 2078,SAEF,1300000000
1289,SLI,8571,FALGUN 2078,SAEF,1300000000
1290,ULI,16214,FALGUN 2078,SAEF,1300000000
1291,HGI,5500,FALGUN 2078,SAEF,1300000000
1292,IGI,7490,FALGUN 2078,SAEF,1300000000
1293,NIL,16414,FALGUN 2078,SAEF,1300000000
1294,NLG,53997,FALGUN 2078,SAEF,1300000000
1295,PIC,12567,FALGUN 2078,SAEF,1300000000
1296,SIL,10330,FALGUN 2078,SAEF,1300000000
1297,AHPC,11918,FALGUN 2078,SAEF,1300000000
1298,BNHC,500,FALGUN 2078,SAEF,1300000000
1299,NYADI,3000,FALGUN 2078,SAEF,1300000000
1300,RHPL,29000,FALGUN 2078,SAEF,1300000000
1301,SHPC,8000,FALGUN 2078,SAEF,1300000000
1302,GIMES1,30000,FALGUN 2078,SAEF,1300000000
1303,NBF2,207000,FALGUN 2078,SAEF,1300000000
1304,NBF3,29220,FALGUN 2078,SAEF,1300000000
1305,NEF,74314,FALGUN 2078,SAEF,1300000000
1306,NICSF,100000,FALGUN 2078,SAEF,1300000000
1307,NMB50,613100,FALGUN 2078,SAEF,1300000000
1308,RMF1,250000,FALGUN 2078,SAEF,1300000000
1309,SIGS2,85000,FALGUN 2078,SAEF,1300000000
1310,SBCF,157700,FALGUN 2078,SAEF,1300000000
1311,SFMF,87000,FALGUN 2078,SAEF,1300000000
1312,HDL,15769,FALGUN 2078,SAEF,1300000000
1313,SHIVM,27841,FALGUN 2078,SAEF,1300000000
1314,NRIC,29623,FALGUN 2078,SAEF,1300000000
1315,CGH,2500,FALGUN 2078,SAEF,1300000000
1316,OHL,5500,FALGUN 2078,SAEF,1300000000
1317,TRH,3000,FALGUN 2078,SAEF,1300000000
1318,CIT,12375,FALGUN 2078,SAEF,1300000000
1319,ENL,741,FALGUN 2078,SAEF,1300000000
1320,NIFRA,10600,FALGUN 2078,SAEF,1300000000
1321,NIBPO,18669,FALGUN 2078,SBCF,1250000000
1322,ADBL,55946,FALGUN 2078,SBCF,1250000000
1323,CCBL,577,FALGUN 2078,SBCF,1250000000
1324,EBL,27500,FALGUN 2078,SBCF,1250000000
1325,GBIME,75890,FALGUN 2078,SBCF,1250000000
1326,HBL,6000,FALGUN 2078,SBCF,1250000000
1327,MEGA,59455,FALGUN 2078,SBCF,1250000000
1328,NABIL,22436,FALGUN 2078,SBCF,1250000000
1329,NICA,42783,FALGUN 2078,SBCF,1250000000
1330,NMB,41500,FALGUN 2078,SBCF,1250000000
1331,PCBL,45330,FALGUN 2078,SBCF,1250000000
1332,SANIMA,35000,FALGUN 2078,SBCF,1250000000
1333,SBL,47985,FALGUN 2078,SBCF,1250000000
1334,SCB,25616,FALGUN 2078,SBCF,1250000000
1335,GBBL,12000,FALGUN 2078,SBCF,1250000000
1336,MDB,405,FALGUN 2078,SBCF,1250000000
1337,MNBBL,12215,FALGUN 2078,SBCF,1250000000
1338,FOWADPO,20000,FALGUN 2078,SBCF,1250000000
1339,CBBL,26270,FALGUN 2078,SBCF,1250000000
1340,DDBL,12971,FALGUN 2078,SBCF,1250000000
1341,GILB,8112,FALGUN 2078,SBCF,1250000000
1342,JALPA,1031,FALGUN 2078,SBCF,1250000000
1343,JBLB,3802,FALGUN 2078,SBCF,1250000000
1344,NMBMF,12590,FALGUN 2078,SBCF,1250000000
1345,RMDC,19193,FALGUN 2078,SBCF,1250000000
1346,RULB,1679,FALGUN 2078,SBCF,1250000000
1347,SKBBL,11435,FALGUN 2078,SBCF,1250000000
1348,NLIC,38770,FALGUN 2078,SBCF,1250000000
1349,NLICL,25775,FALGUN 2078,SBCF,1250000000
1350,NIL,28478,FALGUN 2078,SBCF,1250000000
1351,NLG,27837,FALGUN 2078,SBCF,1250000000
1352,PIC,24954,FALGUN 2078,SBCF,1250000000
1353,AKPL,30000,FALGUN 2078,SBCF,1250000000
1354,BPCL,37419,FALGUN 2078,SBCF,1250000000
1355,CHCL,47003,FALGUN 2078,SBCF,1250000000
1356,SAHAS,13823,FALGUN 2078,SBCF,1250000000
1357,SHEL,18995,FALGUN 2078,SBCF,1250000000
1358,SJCL,16392,FALGUN 2078,SBCF,1250000000
1359,UNL,20,FALGUN 2078,SBCF,1250000000
1360,ENL,1097,FALGUN 2078,SBCF,1250000000
1361,NIBSF2,249200,FALGUN 2078,SBCF,1250000000
1362,BPCL,12179,FALGUN 2078,SEF,1500000000
1363,CBL,1000,FALGUN 2078,SEF,1500000000
1364,CCBL,151552,FALGUN 2078,SEF,1500000000
1365,CHCL,14098,FALGUN 2078,SEF,1500000000
1366,CZBIL,10000,FALGUN 2078,SEF,1500000000
1367,EBL,10000,FALGUN 2078,SEF,1500000000
1368,GBBL,29634,FALGUN 2078,SEF,1500000000
1369,GBIME,170811,FALGUN 2078,SEF,1500000000
1370,GLICL,19264,FALGUN 2078,SEF,1500000000
1371,HBL,700,FALGUN 2078,SEF,1500000000
1372,LBL,19630,FALGUN 2078,SEF,1500000000
1373,LICN,38180,FALGUN 2078,SEF,1500000000
1374,MEGA,54001,FALGUN 2078,SEF,1500000000
1375,MNBBL,46001,FALGUN 2078,SEF,1500000000
1376,NBL,191516,FALGUN 2078,SEF,1500000000
1377,NIBPO,148889,FALGUN 2078,SEF,1500000000
1378,NICA,145419,FALGUN 2078,SEF,1500000000
1379,NIL,49908,FALGUN 2078,SEF,1500000000
1380,NLIC,35244,FALGUN 2078,SEF,1500000000
1381,NLICL,91506,FALGUN 2078,SEF,1500000000
1382,NMB,82463,FALGUN 2078,SEF,1500000000
1383,NTC,31783,FALGUN 2078,SEF,1500000000
1384,PCBL,150345,FALGUN 2078,SEF,1500000000
1385,PLIC,2295,FALGUN 2078,SEF,1500000000
1386,SANIMA,243567,FALGUN 2078,SEF,1500000000
1387,SCB,39333,FALGUN 2078,SEF,1500000000
1388,SHINE,37870,FALGUN 2078,SEF,1500000000
1389,SLBS,1,FALGUN 2078,SEF,1500000000
1390,SIC,11216,FALGUN 2078,SEF,1500000000
1391,SICL,34375,FALGUN 2078,SEF,1500000000
1392,SKBBL,8988,FALGUN 2078,SEF,1500000000
1393,SRBL,60481,FALGUN 2078,SEF,1500000000
1394,SWBBL,8088,FALGUN 2078,SEF,1500000000
1395,UNL,222,FALGUN 2078,SEF,1500000000
1396,PRVU,197814,FALGUN 2078,SEF,1500000000
1397,SMATA,25,FALGUN 2078,SEF,1500000000
1398,NUBL,43453,FALGUN 2078,SEF,1500000000
1399,NBB,32256,FALGUN 2078,SEF,1500000000
1400,NLBBL,20470,FALGUN 2078,SEF,1500000000
1401,MBL,11000,FALGUN 2078,SEF,1500000000
1402,PIC,42069,FALGUN 2078,SEF,1500000000
1403,ALICL,21448,FALGUN 2078,SEF,1500000000
1404,CBBL,40895,FALGUN 2078,SEF,1500000000
1405,KSBBL,25076,FALGUN 2078,SEF,1500000000
1406,JBBL,11160,FALGUN 2078,SEF,1500000000
1407,CIT,2405,FALGUN 2078,SEF,1500000000
1408,USLB,1,FALGUN 2078,SEF,1500000000
1409,BNT,2100,FALGUN 2078,SEF,1500000000
1410,SHPC,9000,FALGUN 2078,SEF,1500000000
1411,SHIVM,21002,FALGUN 2078,SEF,1500000000
1412,HGI,1762,FALGUN 2078,SEF,1500000000
1413,RMDC,28877,FALGUN 2078,SEF,1500000000
1414,NABIL,55707,FALGUN 2078,SEF,1500000000
1415,AKBSL,2000,FALGUN 2078,SEF,1500000000
1416,NRIC,15377,FALGUN 2078,SEF,1500000000
1417,NICLBSL,12334,FALGUN 2078,SEF,1500000000
1418,SAMAJ,195,FALGUN 2078,SEF,1500000000
1419,MEN,4385,FALGUN 2078,SEF,1500000000
1420,UIC,5040,FALGUN 2078,SEF,1500000000
1421,CGH,8,FALGUN 2078,SEF,1500000000
1422,SLICL,26474,FALGUN 2078,SEF,1500000000
1423,HDL,2627,FALGUN 2078,SEF,1500000000
1424,CHDC,7000,FALGUN 2078,SEF,1500000000
1425,LBBL,37804,FALGUN 2078,SEF,1500000000
1426,JBLB,4183,FALGUN 2078,SEF,1500000000
1427,MKLB,823,FALGUN 2078,SEF,1500000000
1428,SLI,1286,FALGUN 2078,SEF,1500000000
1429,MLBS,703,FALGUN 2078,SEF,1500000000
1430,MLBL,12000,FALGUN 2078,SEF,1500000000
1431,API,18000,FALGUN 2078,SEF,1500000000
1432,CHL,4000,FALGUN 2078,SEF,1500000000
1433,NYADI,14800,FALGUN 2078,SEF,1500000000
1434,KPCL,8875,FALGUN 2078,SEF,1500000000
1435,AKPL,7500,FALGUN 2078,SEF,1500000000
1436,GILB,2138,FALGUN 2078,SEF,1500000000
1437,STC,300,FALGUN 2078,SEF,1500000000
1438,LEC,12237,FALGUN 2078,SEF,1500000000
1439,NHPC,30170,FALGUN 2078,SEF,1500000000
1440,HPPL,23550,FALGUN 2078,SEF,1500000000
1441,JALPA,870,FALGUN 2078,SEF,1500000000
1442,ENL,926,FALGUN 2078,SEF,1500000000
1443,RULB,1417,FALGUN 2078,SEF,1500000000
1444,NIBPO,51744,FALGUN 2078,SFMF,860000000
1445,ADBL,43037,FALGUN 2078,SFMF,860000000
1446,CCBL,1725,FALGUN 2078,SFMF,860000000
1447,EBL,46151,FALGUN 2078,SFMF,860000000
1448,GBIME,62449,FALGUN 2078,SFMF,860000000
1449,HBL,25566,FALGUN 2078,SFMF,860000000
1450,KBL,1,FALGUN 2078,SFMF,860000000
1451,LBL,1,FALGUN 2078,SFMF,860000000
1452,MBL,26215,FALGUN 2078,SFMF,860000000
1453,MEGA,24845,FALGUN 2078,SFMF,860000000
1454,NABIL,22912,FALGUN 2078,SFMF,860000000
1455,NBB,336,FALGUN 2078,SFMF,860000000
1456,NBL,42640,FALGUN 2078,SFMF,860000000
1457,NICA,21182,FALGUN 2078,SFMF,860000000
1458,NMB,42435,FALGUN 2078,SFMF,860000000
1459,SANIMA,64248,FALGUN 2078,SFMF,860000000
1460,SCB,50757,FALGUN 2078,SFMF,860000000
1461,GBBL,25001,FALGUN 2078,SFMF,860000000
1462,LBBL,17994,FALGUN 2078,SFMF,860000000
1463,MDB,12394,FALGUN 2078,SFMF,860000000
1464,MNBBL,50937,FALGUN 2078,SFMF,860000000
1465,SHINE,1,FALGUN 2078,SFMF,860000000
1466,UFL,1,FALGUN 2078,SFMF,860000000
1467,FOWADPO,20000,FALGUN 2078,SFMF,860000000
1468,CBBL,37033,FALGUN 2078,SFMF,860000000
1469,FMDBL,10324,FALGUN 2078,SFMF,860000000
1470,JALPA,709,FALGUN 2078,SFMF,860000000
1471,JBLB,3803,FALGUN 2078,SFMF,860000000
1472,NICLBSL,11300,FALGUN 2078,SFMF,860000000
1473,NMBMF,8951,FALGUN 2078,SFMF,860000000
1474,RMDC,16720,FALGUN 2078,SFMF,860000000
1475,RULB,1155,FALGUN 2078,SFMF,860000000
1476,SAMAJ,391,FALGUN 2078,SFMF,860000000
1477,SKBBL,9375,FALGUN 2078,SFMF,860000000
1478,SLBBL,1,FALGUN 2078,SFMF,860000000
1479,NLIC,8000,FALGUN 2078,SFMF,860000000
1480,NLICL,15520,FALGUN 2078,SFMF,860000000
1481,SLICL,34542,FALGUN 2078,SFMF,860000000
1482,LGIL,27580,FALGUN 2078,SFMF,860000000
1483,NIL,11001,FALGUN 2078,SFMF,860000000
1484,PICL,20376,FALGUN 2078,SFMF,860000000
1485,SIL,2000,FALGUN 2078,SFMF,860000000
1486,AKPL,26501,FALGUN 2078,SFMF,860000000
1487,CHCL,13750,FALGUN 2078,SFMF,860000000
1488,RHPL,19020,FALGUN 2078,SFMF,860000000
1489,SAHAS,9510,FALGUN 2078,SFMF,860000000
1490,SHEL,18000,FALGUN 2078,SFMF,860000000
1491,SJCL,26000,FALGUN 2078,SFMF,860000000
1492,CGH,6973,FALGUN 2078,SFMF,860000000
1493,CIT,5450,FALGUN 2078,SFMF,860000000
1494,ENL,755,FALGUN 2078,SFMF,860000000
1495,NIFRA,1200,FALGUN 2078,SFMF,860000000
1496,NRIC,18106,FALGUN 2078,SFMF,860000000
1497,KEF,1597400,FALGUN 2078,SFMF,860000000
1498,NIBSF2,231005,FALGUN 2078,SFMF,860000000
1499,CBL,1000,FALGUN 2078,SIGS2,1200000000
1500,CCBL,121639,FALGUN 2078,SIGS2,1200000000
1501,CHCL,6549,FALGUN 2078,SIGS2,1200000000
1502,CZBIL,13770,FALGUN 2078,SIGS2,1200000000
1503,EBL,10000,FALGUN 2078,SIGS2,1200000000
1504,GBBL,25685,FALGUN 2078,SIGS2,1200000000
1505,GBIME,79743,FALGUN 2078,SIGS2,1200000000
1506,GLICL,16576,FALGUN 2078,SIGS2,1200000000
1507,LBL,19160,FALGUN 2078,SIGS2,1200000000
1508,LGIL,100,FALGUN 2078,SIGS2,1200000000
1509,LICN,38597,FALGUN 2078,SIGS2,1200000000
1510,MEGA,43233,FALGUN 2078,SIGS2,1200000000
1511,MNBBL,41513,FALGUN 2078,SIGS2,1200000000
1512,NBL,98593,FALGUN 2078,SIGS2,1200000000
1513,NIBPO,5665,FALGUN 2078,SIGS2,1200000000
1514,NICA,153306,FALGUN 2078,SIGS2,1200000000
1515,NIL,42427,FALGUN 2078,SIGS2,1200000000
1516,NLIC,36788,FALGUN 2078,SIGS2,1200000000
1517,NLICL,77496,FALGUN 2078,SIGS2,1200000000
1518,NMB,80806,FALGUN 2078,SIGS2,1200000000
1519,NTC,25806,FALGUN 2078,SIGS2,1200000000
1520,PCBL,145000,FALGUN 2078,SIGS2,1200000000
1521,PLIC,2170,FALGUN 2078,SIGS2,1200000000
1522,SANIMA,187396,FALGUN 2078,SIGS2,1200000000
1523,SCB,22497,FALGUN 2078,SIGS2,1200000000
1524,SHINE,35494,FALGUN 2078,SIGS2,1200000000
1525,SIC,6052,FALGUN 2078,SIGS2,1200000000
1526,SICL,25113,FALGUN 2078,SIGS2,1200000000
1527,SKBBL,21142,FALGUN 2078,SIGS2,1200000000
1528,SRBL,57586,FALGUN 2078,SIGS2,1200000000
1529,SWBBL,5862,FALGUN 2078,SIGS2,1200000000
1530,UNL,130,FALGUN 2078,SIGS2,1200000000
1531,PRVU,211490,FALGUN 2078,SIGS2,1200000000
1532,AHPC,700,FALGUN 2078,SIGS2,1200000000
1533,NUBL,33367,FALGUN 2078,SIGS2,1200000000
1534,NBB,36176,FALGUN 2078,SIGS2,1200000000
1535,NLBBL,9000,FALGUN 2078,SIGS2,1200000000
1536,MBL,13228,FALGUN 2078,SIGS2,1200000000
1537,PIC,29484,FALGUN 2078,SIGS2,1200000000
1538,ALICL,21488,FALGUN 2078,SIGS2,1200000000
1539,CBBL,33862,FALGUN 2078,SIGS2,1200000000
1540,KSBBL,31897,FALGUN 2078,SIGS2,1200000000
1541,JBBL,10660,FALGUN 2078,SIGS2,1200000000
1542,CIT,2550,FALGUN 2078,SIGS2,1200000000
1543,BNT,555,FALGUN 2078,SIGS2,1200000000
1544,SHPC,11900,FALGUN 2078,SIGS2,1200000000
1545,SHIVM,19458,FALGUN 2078,SIGS2,1200000000
1546,MHNL,700,FALGUN 2078,SIGS2,1200000000
1547,HGI,2133,FALGUN 2078,SIGS2,1200000000
1548,SJCL,1,FALGUN 2078,SIGS2,1200000000
1549,RMDC,29081,FALGUN 2078,SIGS2,1200000000
1550,NABIL,43348,FALGUN 2078,SIGS2,1200000000
1551,ICFC,4510,FALGUN 2078,SIGS2,1200000000
1552,SIFC,9150,FALGUN 2078,SIGS2,1200000000
1553,MLBL,12000,FALGUN 2078,SIGS2,1200000000
1554,KMCDB,7800,FALGUN 2078,SIGS2,1200000000
1555,NRIC,19320,FALGUN 2078,SIGS2,1200000000
1556,HDL,2570,FALGUN 2078,SIGS2,1200000000
1557,NICLBSL,10458,FALGUN 2078,SIGS2,1200000000
1558,SAMAJ,195,FALGUN 2078,SIGS2,1200000000
1559,MEN,4500,FALGUN 2078,SIGS2,1200000000
1560,UIC,4745,FALGUN 2078,SIGS2,1200000000
1561,SLICL,9005,FALGUN 2078,SIGS2,1200000000
1562,CHDC,6020,FALGUN 2078,SIGS2,1200000000
1563,JBLB,3422,FALGUN 2078,SIGS2,1200000000
1564,MKLB,673,FALGUN 2078,SIGS2,1200000000
1565,LBBL,29503,FALGUN 2078,SIGS2,1200000000
1566,MLBS,563,FALGUN 2078,SIGS2,1200000000
1567,CHL,3300,FALGUN 2078,SIGS2,1200000000
1568,API,15500,FALGUN 2078,SIGS2,1200000000
1569,NYADI,13564,FALGUN 2078,SIGS2,1200000000
1570,GILB,1335,FALGUN 2078,SIGS2,1200000000
1571,AKPL,3700,FALGUN 2078,SIGS2,1200000000
1572,STC,160,FALGUN 2078,SIGS2,1200000000
1573,NHPC,20000,FALGUN 2078,SIGS2,1200000000
1574,LEC,13863,FALGUN 2078,SIGS2,1200000000
1575,HPPL,24203,FALGUN 2078,SIGS2,1200000000
1576,ENL,741,FALGUN 2078,SIGS2,1200000000
1577,RULB,1133,FALGUN 2078,SIGS2,1200000000
1578,JALPA,696,FALGUN 2078,SIGS2,1200000000
1579,CZBIL,50000,FALGUN 2078,SLCF,1200000000
1580,MBL,31821,FALGUN 2078,SLCF,1200000000
1581,NBL,134232,FALGUN 2078,SLCF,1200000000
1582,NICA,70660,FALGUN 2078,SLCF,1200000000
1583,NMB,30727,FALGUN 2078,SLCF,1200000000
1584,MEGA,29760,FALGUN 2078,SLCF,1200000000
1585,SRBL,27188,FALGUN 2078,SLCF,1200000000
1586,SBL,32772,FALGUN 2078,SLCF,1200000000
1587,KBL,53912,FALGUN 2078,SLCF,1200000000
1588,NIBPO,19143,FALGUN 2078,SLCF,1200000000
1589,NBB,57061,FALGUN 2078,SLCF,1200000000
1590,LBL,7296,FALGUN 2078,SLCF,1200000000
1591,EBL,10604,FALGUN 2078,SLCF,1200000000
1592,CCBL,36241,FALGUN 2078,SLCF,1200000000
1593,BOKL,28925,FALGUN 2078,SLCF,1200000000
1594,GBBL,28176,FALGUN 2078,SLCF,1200000000
1595,MNBBL,12820,FALGUN 2078,SLCF,1200000000
1596,LBBL,18809,FALGUN 2078,SLCF,1200000000
1597,CBBL,16213,FALGUN 2078,SLCF,1200000000
1598,RMDC,7175,FALGUN 2078,SLCF,1200000000
1599,NUBL,17895,FALGUN 2078,SLCF,1200000000
1600,GILB,3709,FALGUN 2078,SLCF,1200000000
1601,MLBSL,5,FALGUN 2078,SLCF,1200000000
1602,SKBBL,20404,FALGUN 2078,SLCF,1200000000
1603,NMFBS,825,FALGUN 2078,SLCF,1200000000
1604,NICLBSL,9355,FALGUN 2078,SLCF,1200000000
1605,JBLB,4388,FALGUN 2078,SLCF,1200000000
1606,MKLB,398,FALGUN 2078,SLCF,1200000000
1607,NLBBL,1010,FALGUN 2078,SLCF,1200000000
1608,MLBS,244,FALGUN 2078,SLCF,1200000000
1609,USLB,803,FALGUN 2078,SLCF,1200000000
1610,NMBMF,3491,FALGUN 2078,SLCF,1200000000
1611,SLBBL,4118,FALGUN 2078,SLCF,1200000000
1612,ALBSL,3116,FALGUN 2078,SLCF,1200000000
1613,ACLBSL,701,FALGUN 2078,SLCF,1200000000
1614,JALPA,1044,FALGUN 2078,SLCF,1200000000
1615,RULB,1700,FALGUN 2078,SLCF,1200000000
1616,NIL,21555,FALGUN 2078,SLCF,1200000000
1617,PIC,8383,FALGUN 2078,SLCF,1200000000
1618,PRIN,19701,FALGUN 2078,SLCF,1200000000
1619,NLG,16601,FALGUN 2078,SLCF,1200000000
1620,LGIL,2494,FALGUN 2078,SLCF,1200000000
1621,PLIC,9203,FALGUN 2078,SLCF,1200000000
1622,SLICL,2246,FALGUN 2078,SLCF,1200000000
1623,GLICL,6330,FALGUN 2078,SLCF,1200000000
1624,NLICL,17500,FALGUN 2078,SLCF,1200000000
1625,ULI,14570,FALGUN 2078,SLCF,1200000000
1626,SLI,14277,FALGUN 2078,SLCF,1200000000
1627,NLIC,4741,FALGUN 2078,SLCF,1200000000
1628,PLI,1000,FALGUN 2078,SLCF,1200000000
1629,AHPC,18820,FALGUN 2078,SLCF,1200000000
1630,API,23129,FALGUN 2078,SLCF,1200000000
1631,SHPC,7500,FALGUN 2078,SLCF,1200000000
1632,SAHAS,8000,FALGUN 2078,SLCF,1200000000
1633,NYADI,4500,FALGUN 2078,SLCF,1200000000
1634,MBJC,1900,FALGUN 2078,SLCF,1200000000
1635,RMF1,250000,FALGUN 2078,SLCF,1200000000
1636,SBCF,250000,FALGUN 2078,SLCF,1200000000
1637,LUK,41323,FALGUN 2078,SLCF,1200000000
1638,SFMF,22000,FALGUN 2078,SLCF,1200000000
1639,NBF3,16670,FALGUN 2078,SLCF,1200000000
1640,SHIVM,22773,FALGUN 2078,SLCF,1200000000
1641,HDL,3200,FALGUN 2078,SLCF,1200000000
1642,CGH,5969,FALGUN 2078,SLCF,1200000000
1643,NRIC,10810,FALGUN 2078,SLCF,1200000000
1644,ENL,1111,FALGUN 2078,SLCF,1200000000
1645,CBL,4000,FALGUN 2078,SSIS,200000000
1646,CHCL,4300,FALGUN 2078,SSIS,200000000
1647,CZBIL,3365,FALGUN 2078,SSIS,200000000
1648,EBL,6044,FALGUN 2078,SSIS,200000000
1649,GBBL,3566,FALGUN 2078,SSIS,200000000
1650,GBIME,8000,FALGUN 2078,SSIS,200000000
1651,GLICL,2110,FALGUN 2078,SSIS,200000000
1652,KBL,1455,FALGUN 2078,SSIS,200000000
1653,LBL,2000,FALGUN 2078,SSIS,200000000
1654,LGIL,2000,FALGUN 2078,SSIS,200000000
1655,LICN,4000,FALGUN 2078,SSIS,200000000
1656,MEGA,8820,FALGUN 2078,SSIS,200000000
1657,MNBBL,2781,FALGUN 2078,SSIS,200000000
1658,NICA,6533,FALGUN 2078,SSIS,200000000
1659,NIL,3050,FALGUN 2078,SSIS,200000000
1660,NLIC,991,FALGUN 2078,SSIS,200000000
1661,NLICL,4778,FALGUN 2078,SSIS,200000000
1662,NTC,1000,FALGUN 2078,SSIS,200000000
1663,PCBL,16810,FALGUN 2078,SSIS,200000000
1664,SANIMA,16636,FALGUN 2078,SSIS,200000000
1665,SCB,3123,FALGUN 2078,SSIS,200000000
1666,SHINE,2000,FALGUN 2078,SSIS,200000000
1667,SIC,2765,FALGUN 2078,SSIS,200000000
1668,SICL,3184,FALGUN 2078,SSIS,200000000
1669,SRBL,7466,FALGUN 2078,SSIS,200000000
1670,PRVU,11000,FALGUN 2078,SSIS,200000000
1671,NUBL,847,FALGUN 2078,SSIS,200000000
1672,NBB,10696,FALGUN 2078,SSIS,200000000
1673,MBL,16174,FALGUN 2078,SSIS,200000000
1674,PIC,1709,FALGUN 2078,SSIS,200000000
1675,ALICL,1055,FALGUN 2078,SSIS,200000000
1676,CBBL,2240,FALGUN 2078,SSIS,200000000
1677,KSBBL,4648,FALGUN 2078,SSIS,200000000
1678,JBBL,2620,FALGUN 2078,SSIS,200000000
1679,CIT,836,FALGUN 2078,SSIS,200000000
1680,SHPC,3003,FALGUN 2078,SSIS,200000000
1681,SHIVM,3549,FALGUN 2078,SSIS,200000000
1682,RMDC,3059,FALGUN 2078,SSIS,200000000
1683,IGI,2283,FALGUN 2078,SSIS,200000000
1684,NABIL,3000,FALGUN 2078,SSIS,200000000
1685,MLBL,1355,FALGUN 2078,SSIS,200000000
1686,KMCDB,2690,FALGUN 2078,SSIS,200000000
1687,NRIC,4032,FALGUN 2078,SSIS,200000000
1688,NICLBSL,2740,FALGUN 2078,SSIS,200000000
1689,MEN,1200,FALGUN 2078,SSIS,200000000
1690,SLICL,3381,FALGUN 2078,SSIS,200000000
1691,CHDC,4409,FALGUN 2078,SSIS,200000000
1692,LBBL,5322,FALGUN 2078,SSIS,200000000
1693,MLBS,70,FALGUN 2078,SSIS,200000000
1694,API,5000,FALGUN 2078,SSIS,200000000
1695,MBJC,2000,FALGUN 2078,SSIS,200000000
1696,CHL,2000,FALGUN 2078,SSIS,200000000
1697,NYADI,4882,FALGUN 2078,SSIS,200000000
1698,AKPL,2000,FALGUN 2078,SSIS,200000000
1699,GILB,67,FALGUN 2078,SSIS,200000000
1700,STC,168,FALGUN 2078,SSIS,200000000
1701,HPPL,6500,FALGUN 2078,SSIS,200000000
1702,LEC,1370,FALGUN 2078,SSIS,200000000
1703,NHPC,3000,FALGUN 2078,SSIS,200000000
1704,ENL,185,FALGUN 2078,SSIS,200000000
1705,RULB,284,FALGUN 2078,SSIS,200000000
1706,JALPA,174,FALGUN 2078,SSIS,200000000
